x	y
-1.05373310811357	17.034950741163
-1.24592618402647	24.3101793345735
-1.04580010690351	15.9522157598567
-1.14474846221985	15.782418276469
-0.958421549239611	11.4136379110269
-1.11428516097035	15.0555022960607
-1.25637926531552	14.9074330914041
-1.02869064002655	11.6870446611586
-1.12741267587065	12.767601879919
-1.09631048967076	19.5649535979131
-1.01421240769692	14.1790320181078
-0.891740457581217	8.75252273277249
-0.764926488899976	6.85935441181278
-1.03453055968361	17.4813218780487
-1.22848834573183	20.4975945868746
-1.18977395132413	17.4734974710313
-1.04820817770368	15.0074683064898
-1.10955352727609	12.7478651618337
-1.25612143758727	13.8646005286827
-1.02136137118827	19.6902494671365
-0.903333263621233	15.6108743222942
-0.925094895680168	22.1205687769681
-1.07506159292248	22.9178361890094
-1.26367974873531	21.8839053147712
-0.89504018058343	11.5525162414317
-1.13202160513223	19.3465078119928
-1.20301365532148	23.8789685075859
-1.26506622350723	18.7550350773761
-1.06116723017773	11.1594508173069
-1.24943910990945	17.6731064086434
-1.33308843637705	14.3077732847783
-1.1912854209139	20.6417388988236
-1.09975685295487	18.3228191738892
-1.23140822851001	23.134989942924
-0.998322826151854	12.7107073663063
-1.18263299897597	15.1519655900552
-1.04696500524346	10.6252272919046
-0.986136148906771	19.0686759690434
-0.973194362215072	9.19180124972094
-0.866065646074541	9.14840868784234
-0.927747755579395	10.4769846916256
-1.17976087506693	12.4196280870067
-1.04931341695838	9.36778278134368
-1.0544379516051	20.8028242610401
-1.24626225908706	13.4127391138507
-1.02382474103361	11.5051569678258
-0.749382379804282	6.65271621400808
-1.1045987576401	10.7075701229436
-1.04005132382386	9.73672740008463
-1.34018646188502	10.474125398325
-1.19204669517548	20.9008142304755
-1.03844003786544	17.8814333288293
-1.23407527597909	25.6863933364213
-1.22127299573406	18.8428316623332
-0.835890155981115	8.47068539056491
-1.1649330255155	13.233024254042
-1.09884671955679	22.6719607520277
-1.04248365021705	20.8824642871714
-1.02374474135566	21.5470733130768
-0.677537765813735	7.04366315579107
-1.06778292713353	14.0348851835877
-1.07111827746067	12.5046341729141
-1.31595711873653	15.7391963286433
-1.13756737813918	17.7561158296428
-0.694919537445748	8.43222318399242
-1.19937066032124	22.791212686258
-0.974762998975357	12.1465309043481
-0.935664281604006	11.06883757702
-1.37354044401342	17.8423055479877
-0.945404361777364	15.1505946784376
-1.15289125509584	22.6828603442692
-1.31534407958387	29.7101210716895
-1.25188647479536	19.025082467388
-1.01557617544889	13.6359068329992
-1.11819498343591	11.6957413720689
-1.0065284413858	11.4194161007341
-1.15928048068544	12.8134628547313
-1.06969683544553	11.5794138015977
-1.07355791276439	47.5787834515677
-1.01741046606676	41.9567378847317
-1.08693813396737	27.7018221467097
-1.11972551070878	23.2705583323464
-1.08946465103751	26.029558405676
-0.984839314079062	15.9649055959751
-0.998599705614749	15.3851553655532
-1.05248204739363	15.8697047633626
-0.883352937761781	9.83977222406074
-1.02106992411435	13.2602888441839
-1.00131200616491	12.0295403519583
-1.09437614996966	12.2234358947642
-1.17610986617342	15.3315167181849
-1.13963152538829	37.3362699624566
-1.0199328146467	24.8029596913245
-1.18529155412136	35.442253345377
-1.13941217833084	21.1625954206865
-0.957812381626291	14.2029046780778
-1.15361079757679	18.8253570906782
-1.19671714697744	18.286127198472
-1.13422140509324	17.7309862090021
-1.05967702122029	14.8467173034884
-1.14221975949928	14.5714411820199
-1.16940383033333	15.6762650674101
-1.07449517887828	15.148381701634
-1.04429957119183	32.8086418496668
-1.07348529342761	27.7765693754989
-1.05336892437208	28.6962078398442
-0.981935353153008	16.0537338911536
-1.16312411565273	20.637499177026
-1.07285891744774	17.8192754502822
-1.0619439210899	14.6628369584325
-1.08969241803186	17.0731850934696
-1.10050117646288	16.4236276420927
-1.14960992353203	16.2470805064271
-1.26874661290605	18.7750005865777
-1.03468365140475	50.1958541015416
-0.994239996371196	34.3756845483189
-0.970884839971555	36.1500166602209
-0.986955879890196	20.4041096085407
-1.12488558003234	25.844159097241
-1.08645091814621	22.0922246570389
-1.18628141394405	23.6801300391186
-1.15654905107883	21.4294212653214
-0.905024067653727	13.3644587324988
-0.93470566187978	12.3490186390418
-1.21547506995479	20.8846826480183
-1.14287323360122	16.5801379464288
-0.999732282997675	20.2780357551876
-1.12062590996186	22.3707498740955
-0.784759276322836	9.23991448035785
-1.12667509952565	19.9548723849529
-0.703177011405976	7.45651993046316
-1.20598558438287	18.0784678356189
-0.907895562849848	16.1972241697045
-1.07855187269863	19.2506877249953
-1.02731886336384	15.6573889313836
-1.04106631174483	16.6007042215493
-1.0400324388024	14.6422211930911
-1.1812157485179	16.0971051787376
-1.25973567006218	12.8923415749511
-1.1820714054707	13.1671949976085
-1.05072212020529	18.4454525433149
-1.07161557774672	20.5743096193884
-1.0302471035418	18.0650050089471
-1.039599665829	13.6466007542557
-1.08028681535957	13.6796240639526
-0.856291113839446	12.5794545879538
-1.10765037313381	21.0828076172143
-1.0086385017378	15.6524027952565
-1.03390957004704	14.0992627504593
-1.12095883246527	23.3671769869273
-1.01129319242272	16.0591309512231
-1.19401900234748	19.2848904789062
-0.994427587756947	24.8377841120325
-0.95412995900283	19.0563089224367
-1.06296706206824	18.5604279085894
-1.25023481572408	19.5388575961166
-1.25436788892813	20.3307218594216
-1.08259534272511	26.1192582249401
-0.906347913888838	16.1354075514761
-0.96457448672624	14.9740556575169
-0.977349029142348	14.0045254168203
-1.09712239308039	25.6287762079158
-0.999195811610722	13.079905471257
-1.05827885822606	17.9402797540185
-1.24510802575326	11.3598448807987
-0.911908017575867	23.2421399785001
-0.995101969924591	19.7715582921325
-1.00173330612708	18.8338949039564
-1.11275968177934	13.5454493614907
-1.08451515782309	20.7144476151455
-0.835572462986552	14.5533272662514
-1.19501880519289	12.7682662669837
-1.05525062058593	23.9364611806606
-1.07497674727461	26.7894657323162
-1.14130409648579	14.4694892490278
-1.24345505099155	12.1766726819437
-1.19970513901491	32.0730589180978
-1.11764652710975	32.2432101924757
