group	fill	clickSelects
2	#CD1076	364
3	#CD1076	61
4	#EE99B8	18
5	#EE99B8	18
6	#EE99B8	18
7	#EE99B8	18
8	#EE99B8	18
9	#EE99B8	18
10	#D43982	398
11	#EE99B8	18
12	#D43982	398
13	#D43982	398
14	#CD1076	61
15	#D43982	398
16	#D43982	398
17	#D43982	398
18	#EE99B8	18
19	#EE99B8	18
20	#EE99B8	18
21	#EE99B8	18
22	#EE99B8	18
23	#EE99B8	18
24	#EE99B8	18
25	#CD1076	61
26	#EE99B8	18
27	#EE99B8	18
28	#EE99B8	18
29	#EE99B8	18
30	#EE99B8	18
31	#EE99B8	18
32	#EE99B8	18
33	#EE99B8	18
34	#EE99B8	18
35	#EE99B8	18
36	#CD1076	61
37	#EE99B8	18
38	#EE99B8	18
39	#FEF4F7	221
40	#FEF4F7	221
41	#EE99B8	18
42	#EE99B8	18
43	#FEF4F7	221
44	#FEF4F7	221
45	#FEF4F7	221
46	#CD1076	61
47	#D43982	398
48	#D43982	398
49	#D43982	398
50	#D43982	398
52	#CD1076	364
53	#CD1076	61
54	#D43982	398
55	#EE99B8	18
56	#EE99B8	18
57	#EE99B8	18
58	#EE99B8	18
59	#EE99B8	18
60	#D43982	398
61	#D43982	398
62	#EE99B8	18
63	#D43982	398
64	#CD1076	61
65	#D43982	398
66	#EE99B8	18
67	#D43982	398
68	#EE99B8	18
69	#EE99B8	18
70	#EE99B8	18
71	#EE99B8	18
72	#EE99B8	18
73	#EE99B8	18
74	#EE99B8	18
75	#CD1076	61
76	#EE99B8	18
77	#EE99B8	18
78	#EE99B8	18
79	#EE99B8	18
80	#EE99B8	18
81	#EE99B8	18
82	#EE99B8	18
83	#EE99B8	18
84	#EE99B8	18
85	#EE99B8	18
86	#CD1076	61
87	#EE99B8	18
88	#EE99B8	18
89	#FEF4F7	221
90	#FEF4F7	221
91	#EE99B8	18
92	#FEF4F7	221
93	#EE99B8	18
94	#FEF4F7	221
95	#FEF4F7	221
96	#FEF4F7	221
97	#D43982	398
98	#D43982	398
99	#D43982	398
100	#D43982	398
101	#D43982	398
103	#CD1076	364
104	#CD1076	61
105	#D43982	398
106	#EE99B8	18
107	#D43982	398
108	#EE99B8	18
109	#EE99B8	18
110	#D43982	398
111	#D43982	398
112	#D43982	398
113	#D43982	398
114	#D43982	398
115	#CD1076	61
116	#D43982	398
117	#EE99B8	18
118	#EE99B8	18
119	#EE99B8	18
120	#EE99B8	18
121	#EE99B8	18
122	#EE99B8	18
123	#EE99B8	18
124	#EE99B8	18
125	#EE99B8	18
126	#CD1076	61
127	#EE99B8	18
128	#EE99B8	18
129	#EE99B8	18
130	#EE99B8	18
131	#EE99B8	18
132	#EE99B8	18
133	#EE99B8	18
134	#EE99B8	18
135	#EE99B8	18
136	#EE99B8	18
137	#CD1076	61
138	#EE99B8	18
139	#EE99B8	18
140	#FEF4F7	221
141	#FEF4F7	221
142	#FEF4F7	221
143	#EE99B8	18
144	#FEF4F7	221
145	#FEF4F7	221
146	#FEF4F7	221
147	#D43982	398
148	#D43982	398
149	#D43982	398
150	#D43982	398
151	#D43982	398
153	#CD1076	364
154	#CD1076	364
155	#D43982	398
156	#D43982	398
157	#D43982	398
158	#D43982	398
159	#D43982	398
160	#D43982	398
161	#D43982	398
162	#D43982	398
163	#EE99B8	18
164	#EE99B8	18
165	#CD1076	364
166	#EE99B8	18
167	#EE99B8	18
168	#EE99B8	18
169	#EE99B8	18
170	#EE99B8	18
171	#EE99B8	18
172	#EE99B8	18
173	#EE99B8	18
174	#EE99B8	18
175	#EE99B8	18
176	#CD1076	364
177	#EE99B8	18
178	#EE99B8	18
179	#EE99B8	18
180	#EE99B8	18
181	#EE99B8	18
182	#FEF4F7	221
183	#FEF4F7	221
184	#EE99B8	18
185	#FEF4F7	221
186	#FEF4F7	221
187	#CD1076	394
188	#EE99B8	18
189	#FEF4F7	221
190	#FEF4F7	221
191	#EE99B8	18
192	#EE99B8	18
193	#EE99B8	18
194	#EE99B8	18
195	#EE99B8	18
196	#EE99B8	18
197	#EE99B8	18
198	#CD1076	61
199	#CD1076	61
200	#CD1076	61
201	#CD1076	61
202	#D43982	398
204	#CD1076	364
205	#CD1076	364
206	#D43982	398
207	#D43982	398
208	#D43982	398
209	#D43982	398
210	#D43982	398
211	#D43982	398
212	#D43982	398
213	#D43982	398
214	#EE99B8	18
215	#EE99B8	18
216	#CD1076	364
217	#EE99B8	18
218	#EE99B8	18
219	#EE99B8	18
220	#EE99B8	18
221	#EE99B8	18
222	#EE99B8	18
223	#EE99B8	18
224	#EE99B8	18
225	#EE99B8	18
226	#EE99B8	18
227	#CD1076	394
228	#EE99B8	18
229	#EE99B8	18
230	#EE99B8	18
231	#EE99B8	18
232	#FEF4F7	221
233	#FEF4F7	221
234	#EE99B8	18
235	#EE99B8	18
236	#EE99B8	18
237	#EE99B8	18
238	#CD1076	394
239	#EE99B8	18
240	#FEF4F7	221
241	#EE99B8	18
242	#EE99B8	18
243	#EE99B8	18
244	#FEF4F7	221
245	#EE99B8	18
246	#EE99B8	18
247	#EE99B8	18
248	#CD1076	61
249	#CD1076	61
250	#CD1076	61
251	#D43982	398
252	#D43982	398
254	#CD1076	364
255	#CD1076	364
256	#D43982	398
257	#D43982	398
258	#D43982	398
259	#D43982	398
260	#D43982	398
261	#D43982	398
262	#D43982	398
263	#D43982	398
264	#EE99B8	18
265	#EE99B8	18
266	#CD1076	394
267	#EE99B8	18
268	#EE99B8	18
269	#EE99B8	18
270	#EE99B8	18
271	#EE99B8	18
272	#EE99B8	18
273	#EE99B8	18
274	#EE99B8	18
275	#EE99B8	18
276	#EE99B8	18
277	#CD1076	394
278	#EE99B8	18
279	#EE99B8	18
280	#EE99B8	18
281	#EE99B8	18
282	#FEF4F7	221
283	#FEF4F7	221
284	#FEF4F7	221
285	#EE99B8	18
286	#EE99B8	18
287	#EE99B8	18
288	#CD1076	394
289	#EE99B8	18
290	#FEF4F7	221
291	#EE99B8	18
292	#EE99B8	18
293	#EE99B8	18
294	#EE99B8	18
295	#FEF4F7	221
296	#EE99B8	18
297	#EE99B8	18
298	#EE99B8	18
299	#CD1076	394
300	#CD1076	61
301	#CD1076	61
302	#CD1076	61
303	#D43982	398
305	#CD1076	364
306	#CD1076	364
307	#D43982	398
308	#D43982	398
309	#D43982	398
310	#D43982	398
311	#D43982	398
312	#D43982	398
313	#D43982	398
314	#EE99B8	18
315	#EE99B8	18
316	#EE99B8	18
317	#CD1076	394
318	#EE99B8	18
319	#EE99B8	18
320	#EE99B8	18
321	#EE99B8	18
322	#EE99B8	18
323	#EE99B8	18
324	#EE99B8	18
325	#EE99B8	18
326	#EE99B8	18
327	#EE99B8	18
328	#CD1076	394
329	#EE99B8	18
330	#EE99B8	18
331	#EE99B8	18
332	#FEF4F7	221
333	#FEF4F7	221
334	#FEF4F7	221
335	#FEF4F7	221
336	#EE99B8	18
337	#EE99B8	18
338	#EE99B8	18
339	#CD1076	394
340	#FEF4F7	221
341	#EE99B8	18
342	#EE99B8	18
343	#EE99B8	18
344	#EE99B8	18
345	#EE99B8	18
346	#FEF4F7	221
347	#EE99B8	18
348	#EE99B8	18
349	#CD1076	394
350	#CD1076	61
351	#CD1076	61
352	#D43982	398
353	#D43982	398
355	#CD1076	364
356	#CD1076	364
357	#D43982	398
358	#D43982	398
359	#D43982	398
360	#D43982	398
361	#D43982	398
362	#D43982	398
363	#D43982	398
364	#EE99B8	18
365	#EE99B8	18
366	#EE99B8	18
367	#CD1076	394
368	#EE99B8	18
369	#EE99B8	18
370	#EE99B8	18
371	#EE99B8	18
372	#EE99B8	18
373	#EE99B8	18
374	#EE99B8	18
375	#EE99B8	18
376	#EE99B8	18
377	#EE99B8	18
378	#CD1076	394
379	#EE99B8	18
380	#EE99B8	18
381	#EE99B8	18
382	#EE99B8	18
383	#FEF4F7	221
384	#FEF4F7	221
385	#FEF4F7	221
386	#FEF4F7	221
387	#EE99B8	18
388	#EE99B8	18
389	#CD1076	394
390	#FEF4F7	221
391	#EE99B8	18
392	#EE99B8	18
393	#EE99B8	18
394	#EE99B8	18
395	#EE99B8	18
396	#FEF4F7	221
397	#EE99B8	18
398	#FEF4F7	221
399	#FEF4F7	221
400	#CD1076	394
401	#CD1076	394
402	#D43982	398
403	#D43982	398
404	#D43982	398
406	#CD1076	364
407	#CD1076	394
408	#D43982	398
409	#D43982	398
410	#D43982	398
411	#D43982	398
412	#D43982	398
413	#D43982	398
414	#D43982	398
415	#EE99B8	18
416	#EE99B8	18
417	#EE99B8	18
418	#CD1076	394
419	#EE99B8	18
420	#EE99B8	18
421	#EE99B8	18
422	#EE99B8	18
423	#EE99B8	18
424	#EE99B8	18
425	#EE99B8	18
426	#EE99B8	18
427	#EE99B8	18
428	#EE99B8	18
429	#CD1076	394
430	#EE99B8	18
431	#EE99B8	18
432	#EE99B8	18
433	#FEF4F7	221
434	#FEF4F7	221
435	#FEF4F7	221
436	#FEF4F7	221
437	#EE99B8	18
438	#FEF4F7	221
439	#FEF4F7	221
440	#CD1076	394
441	#FEF4F7	221
442	#EE99B8	18
443	#EE99B8	18
444	#EE99B8	18
445	#FEF4F7	221
446	#FEF4F7	221
447	#FEF4F7	221
448	#FEF4F7	221
449	#FEF4F7	221
450	#D43982	398
451	#D43982	398
452	#D43982	398
453	#D43982	398
454	#D43982	398
456	#CD1076	364
457	#CD1076	394
458	#D43982	398
459	#D43982	398
460	#D43982	398
461	#D43982	398
462	#D43982	398
463	#D43982	398
464	#D43982	398
465	#D43982	398
466	#EE99B8	18
467	#EE99B8	18
468	#CD1076	394
469	#EE99B8	18
470	#EE99B8	18
471	#EE99B8	18
472	#EE99B8	18
473	#EE99B8	18
474	#EE99B8	18
475	#EE99B8	18
476	#EE99B8	18
477	#EE99B8	18
478	#EE99B8	18
479	#CD1076	394
480	#EE99B8	18
481	#EE99B8	18
482	#EE99B8	18
483	#EE99B8	18
484	#FEF4F7	221
485	#FEF4F7	221
486	#FEF4F7	221
487	#EE99B8	18
488	#EE99B8	18
489	#FEF4F7	221
490	#CD1076	394
491	#EE99B8	18
492	#EE99B8	18
493	#FEF4F7	221
494	#EE99B8	18
495	#EE99B8	18
496	#FEF4F7	221
497	#FEF4F7	221
498	#FEF4F7	221
499	#FEF4F7	221
500	#FEF4F7	221
501	#D43982	398
502	#D43982	398
503	#D43982	398
504	#D43982	398
505	#D43982	398
507	#CD1076	364
508	#CD1076	394
509	#D43982	398
510	#D43982	398
511	#D43982	398
512	#D43982	398
513	#D43982	398
514	#D43982	398
515	#D43982	398
516	#EE99B8	18
517	#EE99B8	18
518	#EE99B8	18
519	#CD1076	394
520	#EE99B8	18
521	#EE99B8	18
522	#EE99B8	18
523	#EE99B8	18
524	#EE99B8	18
525	#EE99B8	18
526	#EE99B8	18
527	#EE99B8	18
528	#EE99B8	18
529	#EE99B8	18
530	#CD1076	394
531	#EE99B8	18
532	#EE99B8	18
533	#EE99B8	18
534	#EE99B8	18
535	#EE99B8	18
536	#FEF4F7	221
537	#EE99B8	18
538	#EE99B8	18
539	#FEF4F7	221
540	#FEF4F7	221
541	#D43982	398
542	#EE99B8	18
543	#FEF4F7	221
544	#FEF4F7	221
545	#FEF4F7	221
546	#FEF4F7	221
547	#FEF4F7	221
548	#FEF4F7	221
549	#FEF4F7	221
550	#FEF4F7	221
551	#D43982	398
552	#D43982	398
553	#D43982	398
554	#D43982	398
555	#D43982	398
557	#CD1076	364
558	#CD1076	394
559	#D43982	398
560	#D43982	398
561	#D43982	398
562	#D43982	398
563	#D43982	398
564	#D43982	398
565	#D43982	398
566	#EE99B8	18
567	#EE99B8	18
568	#EE99B8	18
569	#CD1076	394
570	#EE99B8	18
571	#EE99B8	18
572	#EE99B8	18
573	#EE99B8	18
574	#EE99B8	18
575	#EE99B8	18
576	#EE99B8	18
577	#EE99B8	18
578	#EE99B8	18
579	#EE99B8	18
580	#CD1076	394
581	#EE99B8	18
582	#EE99B8	18
583	#EE99B8	18
584	#EE99B8	18
585	#EE99B8	18
586	#FEF4F7	221
587	#EE99B8	18
588	#EE99B8	18
589	#EE99B8	18
590	#EE99B8	18
591	#D43982	398
592	#EE99B8	18
593	#FEF4F7	221
594	#FEF4F7	221
595	#FEF4F7	221
596	#FEF4F7	221
597	#FEF4F7	221
598	#FEF4F7	221
599	#FEF4F7	221
600	#FEF4F7	221
601	#FEF4F7	221
602	#D43982	398
603	#D43982	398
604	#D43982	398
605	#D43982	398
606	#D43982	398
608	#CD1076	364
609	#CD1076	364
610	#D43982	398
611	#D43982	398
612	#D43982	398
613	#D43982	398
614	#D43982	398
615	#D43982	398
616	#EE99B8	18
617	#EE99B8	18
618	#EE99B8	18
619	#EE99B8	18
620	#CD1076	394
621	#EE99B8	18
622	#EE99B8	18
623	#EE99B8	18
624	#EE99B8	18
625	#EE99B8	18
626	#EE99B8	18
627	#EE99B8	18
628	#EE99B8	18
629	#EE99B8	18
630	#EE99B8	18
631	#D43982	398
632	#EE99B8	18
633	#FEF4F7	221
634	#FEF4F7	221
635	#EE99B8	18
636	#FEF4F7	221
637	#FEF4F7	221
638	#FEF4F7	221
639	#FEF4F7	221
640	#EE99B8	18
641	#EE99B8	18
642	#D43982	398
643	#EE99B8	18
644	#FEF4F7	221
645	#FEF4F7	221
646	#FEF4F7	221
647	#FEF4F7	221
648	#FEF4F7	221
649	#FEF4F7	221
650	#FEF4F7	221
651	#FEF4F7	221
652	#D43982	398
653	#D43982	398
654	#D43982	398
655	#D43982	398
656	#D43982	398
658	#CD1076	364
659	#CD1076	364
660	#D43982	398
661	#D43982	398
662	#D43982	398
663	#D43982	398
664	#D43982	398
665	#D43982	398
666	#D43982	398
667	#EE99B8	18
668	#EE99B8	18
669	#EE99B8	18
670	#CD1076	394
671	#EE99B8	18
672	#EE99B8	18
673	#EE99B8	18
674	#EE99B8	18
675	#EE99B8	18
676	#EE99B8	18
677	#EE99B8	18
678	#EE99B8	18
679	#EE99B8	18
680	#EE99B8	18
681	#D43982	398
682	#EE99B8	18
683	#EE99B8	18
684	#FEF4F7	221
685	#EE99B8	18
686	#EE99B8	18
687	#EE99B8	18
688	#FEF4F7	221
689	#FEF4F7	221
690	#FEF4F7	221
691	#FEF4F7	221
692	#D43982	398
693	#EE99B8	18
694	#FEF4F7	221
695	#FEF4F7	221
696	#FEF4F7	221
697	#FEF4F7	221
698	#FEF4F7	221
699	#FEF4F7	221
700	#FEF4F7	221
701	#FBDAE5	33
702	#FBDAE5	33
703	#D43982	398
704	#D43982	398
705	#D43982	398
706	#D43982	398
707	#D43982	398
709	#CD1076	364
710	#CD1076	394
711	#D43982	398
712	#D43982	398
713	#D43982	398
714	#D43982	398
715	#D43982	398
716	#D43982	398
717	#D43982	398
718	#EE99B8	18
719	#EE99B8	18
720	#EE99B8	18
721	#CD1076	394
722	#EE99B8	18
723	#EE99B8	18
724	#EE99B8	18
725	#EE99B8	18
726	#EE99B8	18
727	#EE99B8	18
728	#EE99B8	18
729	#EE99B8	18
730	#EE99B8	18
731	#EE99B8	18
732	#D43982	398
733	#EE99B8	18
734	#FEF4F7	221
735	#EE99B8	18
736	#FEF4F7	221
737	#EE99B8	18
738	#FEF4F7	221
739	#FEF4F7	221
740	#FEF4F7	221
741	#FEF4F7	221
742	#FEF4F7	221
743	#D43982	398
744	#FEF4F7	221
745	#FEF4F7	221
746	#FEF4F7	221
747	#FEF4F7	221
748	#FEF4F7	221
749	#FEF4F7	221
750	#FEF4F7	221
751	#FBDAE5	33
752	#FBDAE5	33
753	#D43982	398
754	#D43982	398
755	#D43982	398
756	#D43982	398
757	#D43982	398
759	#CD1076	364
760	#CD1076	394
761	#D43982	398
762	#D43982	398
763	#D43982	398
764	#D43982	398
765	#D43982	398
766	#D43982	398
767	#D43982	398
768	#D43982	398
769	#EE99B8	18
770	#EE99B8	18
771	#CD1076	394
772	#EE99B8	18
773	#EE99B8	18
774	#EE99B8	18
775	#EE99B8	18
776	#EE99B8	18
777	#EE99B8	18
778	#EE99B8	18
779	#EE99B8	18
780	#EE99B8	18
781	#EE99B8	18
782	#D43982	398
783	#EE99B8	18
784	#EE99B8	18
785	#FEF4F7	221
786	#EE99B8	18
787	#FEF4F7	221
788	#FEF4F7	221
789	#FEF4F7	221
790	#FEF4F7	221
791	#FEF4F7	221
792	#FEF4F7	221
793	#D43982	398
794	#FEF4F7	221
795	#FEF4F7	221
796	#FEF4F7	221
797	#FEF4F7	221
798	#FEF4F7	221
799	#FEF4F7	221
800	#FEF4F7	221
801	#FBDAE5	33
802	#FBDAE5	33
803	#FBDAE5	33
804	#D43982	398
805	#D43982	398
806	#D43982	398
807	#D43982	398
808	#D43982	398
810	#CD1076	394
811	#D43982	398
812	#D43982	398
813	#D43982	398
814	#D43982	398
815	#D43982	398
816	#D43982	398
817	#EE99B8	18
818	#EE99B8	18
819	#EE99B8	18
820	#EE99B8	18
821	#EE99B8	18
822	#D43982	398
823	#EE99B8	18
824	#EE99B8	18
825	#EE99B8	18
826	#EE99B8	18
827	#EE99B8	18
828	#EE99B8	18
829	#EE99B8	18
830	#EE99B8	18
831	#EE99B8	18
832	#EE99B8	18
833	#D43982	398
834	#EE99B8	18
835	#FEF4F7	221
836	#EE99B8	18
837	#FEF4F7	221
838	#FEF4F7	221
839	#FEF4F7	221
840	#FEF4F7	221
841	#FEF4F7	221
842	#FEF4F7	221
843	#FEF4F7	221
844	#D43982	398
845	#FEF4F7	221
846	#FEF4F7	221
847	#FEF4F7	221
848	#FEF4F7	221
849	#FEF4F7	221
850	#FEF4F7	221
851	#FBDAE5	33
852	#FBDAE5	33
853	#FBDAE5	33
854	#D43982	398
855	#D43982	398
856	#D43982	398
857	#D43982	398
858	#D43982	398
860	#CD1076	114
861	#CD1076	394
862	#D43982	398
863	#D43982	398
864	#D43982	398
865	#D43982	398
866	#D43982	398
867	#EE99B8	18
868	#EE99B8	18
869	#EE99B8	18
870	#EE99B8	18
871	#EE99B8	18
872	#D43982	398
873	#EE99B8	18
874	#EE99B8	18
875	#EE99B8	18
876	#EE99B8	18
877	#EE99B8	18
878	#EE99B8	18
879	#EE99B8	18
880	#EE99B8	18
881	#EE99B8	18
882	#EE99B8	18
883	#D43982	398
884	#FEF4F7	221
885	#FEF4F7	221
886	#FEF4F7	221
887	#EE99B8	18
888	#FEF4F7	221
889	#FEF4F7	221
890	#FEF4F7	221
891	#FEF4F7	221
892	#FEF4F7	221
893	#FEF4F7	221
894	#D43982	398
895	#FEF4F7	221
896	#FEF4F7	221
897	#FEF4F7	221
898	#FEF4F7	221
899	#FEF4F7	221
900	#FEF4F7	221
901	#FEF4F7	221
902	#FBDAE5	33
903	#FBDAE5	33
904	#FBDAE5	33
905	#D43982	398
906	#D43982	398
907	#D43982	398
908	#D43982	398
909	#D43982	398
911	#CD1076	114
912	#D43982	398
913	#D43982	398
914	#D43982	398
915	#D43982	398
916	#D43982	398
917	#D43982	398
918	#D43982	398
919	#EE99B8	18
920	#EE99B8	18
921	#EE99B8	18
922	#EE99B8	18
923	#D43982	398
924	#EE99B8	18
925	#EE99B8	18
926	#EE99B8	18
927	#EE99B8	18
928	#EE99B8	18
929	#EE99B8	18
930	#EE99B8	18
931	#EE99B8	18
932	#EE99B8	18
933	#EE99B8	18
934	#D43982	398
935	#FEF4F7	221
936	#EE99B8	18
937	#EE99B8	18
938	#EE99B8	18
939	#FEF4F7	221
940	#FEF4F7	221
941	#FEF4F7	221
942	#FEF4F7	221
943	#FEF4F7	221
944	#FEF4F7	221
945	#D43982	398
946	#FEF4F7	221
947	#FEF4F7	221
948	#FEF4F7	221
949	#FEF4F7	221
950	#FEF4F7	221
951	#FEF4F7	221
952	#FBDAE5	33
953	#FBDAE5	33
954	#FBDAE5	33
955	#D43982	398
956	#D43982	398
957	#D43982	398
958	#D43982	398
959	#D43982	398
961	#CD1076	114
962	#D43982	398
963	#D43982	398
964	#D43982	398
965	#D43982	398
966	#EE99B8	18
967	#EE99B8	18
968	#D43982	398
969	#EE99B8	18
970	#EE99B8	18
971	#EE99B8	18
972	#EE99B8	18
973	#D43982	398
974	#EE99B8	18
975	#EE99B8	18
976	#EE99B8	18
977	#EE99B8	18
978	#EE99B8	18
979	#EE99B8	18
980	#EE99B8	18
981	#EE99B8	18
982	#EE99B8	18
983	#EE99B8	18
984	#D43982	398
985	#FEF4F7	221
986	#FEF4F7	221
987	#EE99B8	18
988	#FEF4F7	221
989	#FEF4F7	221
990	#FEF4F7	221
991	#FEF4F7	221
992	#FEF4F7	221
993	#FEF4F7	221
994	#FEF4F7	221
995	#D43982	398
996	#FEF4F7	221
997	#FEF4F7	221
998	#FEF4F7	221
999	#FEF4F7	221
1000	#FEF4F7	221
1001	#FBDAE5	33
1002	#FBDAE5	33
1003	#FBDAE5	33
1004	#FBDAE5	33
1005	#FBDAE5	33
1006	#D43982	398
1007	#D43982	398
1008	#D43982	398
1009	#D43982	398
1010	#D43982	398
1012	#CD1076	114
1013	#D43982	398
1014	#D43982	398
1015	#D43982	398
1016	#D43982	398
1017	#EE99B8	18
1018	#EE99B8	18
1019	#D43982	398
1020	#EE99B8	18
1021	#EE99B8	18
1022	#EE99B8	18
1023	#EE99B8	18
1024	#D43982	398
1025	#EE99B8	18
1026	#EE99B8	18
1027	#EE99B8	18
1028	#EE99B8	18
1029	#EE99B8	18
1030	#EE99B8	18
1031	#EE99B8	18
1032	#EE99B8	18
1033	#EE99B8	18
1034	#EE99B8	18
1035	#D43982	398
1036	#FEF4F7	221
1037	#FEF4F7	221
1038	#EE99B8	18
1039	#FEF4F7	221
1040	#FEF4F7	221
1041	#FEF4F7	221
1042	#FEF4F7	221
1043	#FEF4F7	221
1044	#FEF4F7	221
1045	#FEF4F7	221
1046	#D43982	398
1047	#FEF4F7	221
1048	#FEF4F7	221
1049	#FBDAE5	33
1050	#FEF4F7	221
1051	#FEF4F7	221
1052	#FBDAE5	33
1053	#FBDAE5	33
1054	#FBDAE5	33
1055	#FBDAE5	33
1056	#D43982	398
1057	#D43982	398
1058	#D43982	398
1059	#D43982	398
1060	#D43982	398
1062	#CD1076	114
1063	#CD1076	71
1064	#D43982	398
1065	#D43982	398
1066	#D43982	398
1067	#D43982	398
1068	#D43982	398
1069	#EE99B8	18
1070	#EE99B8	18
1071	#EE99B8	18
1072	#EE99B8	18
1073	#EE99B8	18
1074	#D43982	398
1075	#EE99B8	18
1076	#EE99B8	18
1077	#EE99B8	18
1078	#EE99B8	18
1079	#EE99B8	18
1080	#EE99B8	18
1081	#EE99B8	18
1082	#EE99B8	18
1083	#EE99B8	18
1084	#EE99B8	18
1085	#D43982	398
1086	#FEF4F7	221
1087	#FEF4F7	221
1088	#EE99B8	18
1089	#EE99B8	18
1090	#FEF4F7	221
1091	#FEF4F7	221
1092	#FEF4F7	221
1093	#FEF4F7	221
1094	#FEF4F7	221
1095	#FEF4F7	221
1096	#D43982	398
1097	#FEF4F7	221
1098	#FEF4F7	221
1099	#FEF4F7	221
1100	#FBDAE5	33
1101	#FEF4F7	221
1102	#FEF4F7	221
1103	#FEF4F7	221
1104	#FEF4F7	221
1105	#FBDAE5	33
1106	#FBDAE5	33
1107	#D43982	398
1108	#D43982	398
1109	#D43982	398
1110	#D43982	398
1111	#D43982	398
1113	#CD1076	114
1114	#CD1076	71
1115	#D43982	398
1116	#D43982	398
1117	#D43982	398
1118	#D43982	398
1119	#EE99B8	18
1120	#EE99B8	18
1121	#EE99B8	18
1122	#EE99B8	18
1123	#EE99B8	18
1124	#EE99B8	18
1125	#D43982	398
1126	#EE99B8	18
1127	#EE99B8	18
1128	#EE99B8	18
1129	#EE99B8	18
1130	#EE99B8	18
1131	#EE99B8	18
1132	#FEF4F7	221
1133	#EE99B8	18
1134	#FEF4F7	221
1135	#FEF4F7	221
1136	#D43982	398
1137	#FEF4F7	221
1138	#EE99B8	18
1139	#EE99B8	18
1140	#EE99B8	18
1141	#FEF4F7	221
1142	#FEF4F7	221
1143	#FEF4F7	221
1144	#FEF4F7	221
1145	#FEF4F7	221
1146	#FEF4F7	221
1147	#D43982	398
1148	#FEF4F7	221
1149	#FEF4F7	221
1150	#FBDAE5	33
1151	#FBDAE5	33
1152	#FBDAE5	33
1153	#FEF4F7	221
1154	#FEF4F7	221
1155	#FBDAE5	33
1156	#FBDAE5	33
1157	#D43982	398
1158	#D43982	398
1159	#D43982	398
1160	#D43982	398
1161	#D43982	398
1163	#CD1076	364
1164	#CD1076	364
1165	#D43982	398
1166	#D43982	398
1167	#D43982	398
1168	#D43982	398
1169	#D43982	398
1170	#EE99B8	18
1171	#D43982	398
1172	#D43982	398
1173	#D43982	398
1174	#EE99B8	18
1175	#CD1076	61
1176	#D43982	398
1177	#D43982	398
1178	#EE99B8	18
1179	#EE99B8	18
1180	#EE99B8	18
1181	#EE99B8	18
1182	#EE99B8	18
1183	#EE99B8	18
1184	#EE99B8	18
1185	#EE99B8	18
1186	#CD1076	61
1187	#EE99B8	18
1188	#EE99B8	18
1189	#EE99B8	18
1190	#EE99B8	18
1191	#EE99B8	18
1192	#EE99B8	18
1193	#EE99B8	18
1194	#EE99B8	18
1195	#EE99B8	18
1196	#EE99B8	18
1197	#CD1076	61
1198	#EE99B8	18
1199	#EE99B8	18
1200	#EE99B8	18
1201	#FEF4F7	221
1202	#FEF4F7	221
1203	#FEF4F7	221
1204	#FEF4F7	221
1205	#FEF4F7	221
1206	#FEF4F7	221
1207	#FEF4F7	221
1208	#D43982	398
1209	#D43982	398
1210	#D43982	398
1211	#D43982	398
1212	#D43982	398
1214	#CD1076	364
1215	#CD1076	61
1216	#D43982	398
1217	#D43982	398
1218	#D43982	398
1219	#D43982	398
1220	#D43982	398
1221	#D43982	398
1222	#D43982	398
1223	#D43982	398
1224	#EE99B8	18
1225	#D43982	398
1226	#CD1076	61
1227	#D43982	398
1228	#EE99B8	18
1229	#EE99B8	18
1230	#EE99B8	18
1231	#EE99B8	18
1232	#EE99B8	18
1233	#EE99B8	18
1234	#EE99B8	18
1235	#EE99B8	18
1236	#EE99B8	18
1237	#CD1076	61
1238	#EE99B8	18
1239	#EE99B8	18
1240	#EE99B8	18
1241	#EE99B8	18
1242	#EE99B8	18
1243	#EE99B8	18
1244	#EE99B8	18
1245	#EE99B8	18
1246	#EE99B8	18
1247	#EE99B8	18
1248	#D43982	398
1249	#EE99B8	18
1250	#FEF4F7	221
1251	#FEF4F7	221
1252	#FEF4F7	221
1253	#FEF4F7	221
1254	#FEF4F7	221
1255	#FEF4F7	221
1256	#FEF4F7	221
1257	#FEF4F7	221
1258	#D43982	398
1259	#D43982	398
1260	#D43982	398
1261	#D43982	398
1262	#D43982	398
1264	#CD1076	114
1265	#CD1076	71
1266	#D43982	398
1267	#D43982	398
1268	#D43982	398
1269	#D43982	398
1270	#EE99B8	18
1271	#EE99B8	18
1272	#EE99B8	18
1273	#EE99B8	18
1274	#EE99B8	18
1275	#EE99B8	18
1276	#CD1076	71
1277	#EE99B8	18
1278	#EE99B8	18
1279	#EE99B8	18
1280	#EE99B8	18
1281	#EE99B8	18
1282	#EE99B8	18
1283	#EE99B8	18
1284	#FEF4F7	221
1285	#EE99B8	18
1286	#FEF4F7	221
1287	#CD1076	71
1288	#FEF4F7	221
1289	#FEF4F7	221
1290	#FEF4F7	221
1291	#FEF4F7	221
1292	#FEF4F7	221
1293	#FEF4F7	221
1294	#FEF4F7	221
1295	#FEF4F7	221
1296	#FEF4F7	221
1297	#FEF4F7	221
1298	#D43982	398
1299	#FEF4F7	221
1300	#FEF4F7	221
1301	#FBDAE5	33
1302	#FBDAE5	33
1303	#FBDAE5	33
1304	#FEF4F7	221
1305	#FBDAE5	33
1306	#FBDAE5	33
1307	#FBDAE5	33
1308	#FBDAE5	33
1309	#D43982	398
1310	#D43982	398
1311	#EE99B8	18
1312	#D43982	398
1313	#D43982	398
1315	#CD1076	114
1316	#CD1076	71
1317	#EE99B8	18
1318	#EE99B8	18
1319	#EE99B8	18
1320	#EE99B8	18
1321	#EE99B8	18
1322	#EE99B8	18
1323	#EE99B8	18
1324	#EE99B8	18
1325	#EE99B8	18
1326	#EE99B8	18
1327	#CD1076	71
1328	#EE99B8	18
1329	#EE99B8	18
1330	#EE99B8	18
1331	#EE99B8	18
1332	#EE99B8	18
1333	#EE99B8	18
1334	#FEF4F7	221
1335	#EE99B8	18
1336	#FEF4F7	221
1337	#FEF4F7	221
1338	#D43982	398
1339	#FEF4F7	221
1340	#FEF4F7	221
1341	#FEF4F7	221
1342	#FEF4F7	221
1343	#FEF4F7	221
1344	#FEF4F7	221
1345	#FEF4F7	221
1346	#FEF4F7	221
1347	#FEF4F7	221
1348	#FEF4F7	221
1349	#D43982	398
1350	#FEF4F7	221
1351	#FEF4F7	221
1352	#FBDAE5	33
1353	#FBDAE5	33
1354	#FBDAE5	33
1355	#FBDAE5	33
1356	#FBDAE5	33
1357	#FFFDFE	141
1358	#FBDAE5	33
1359	#D43982	398
1360	#EE99B8	18
1361	#D43982	398
1362	#D43982	398
1363	#D43982	398
1365	#CD1076	114
1366	#CD1076	71
1367	#D43982	398
1368	#EE99B8	18
1369	#EE99B8	18
1370	#EE99B8	18
1371	#EE99B8	18
1372	#EE99B8	18
1373	#EE99B8	18
1374	#EE99B8	18
1375	#EE99B8	18
1376	#EE99B8	18
1377	#CD1076	71
1378	#EE99B8	18
1379	#EE99B8	18
1380	#EE99B8	18
1381	#EE99B8	18
1382	#EE99B8	18
1383	#EE99B8	18
1384	#FEF4F7	221
1385	#FEF4F7	221
1386	#FEF4F7	221
1387	#FEF4F7	221
1388	#CD1076	71
1389	#FEF4F7	221
1390	#FEF4F7	221
1391	#FEF4F7	221
1392	#FEF4F7	221
1393	#FBDAE5	33
1394	#FEF4F7	221
1395	#FEF4F7	221
1396	#FEF4F7	221
1397	#FEF4F7	221
1398	#FEF4F7	221
1399	#D43982	398
1400	#FEF4F7	221
1401	#FBDAE5	33
1402	#FBDAE5	33
1403	#FBDAE5	33
1404	#FBDAE5	33
1405	#FBDAE5	33
1406	#FBDAE5	33
1407	#FBDAE5	33
1408	#FFFDFE	141
1409	#FFFDFE	141
1410	#D43982	398
1411	#EE99B8	18
1412	#EE99B8	18
1413	#D43982	398
1414	#D43982	398
1416	#CD1076	114
1417	#CD1076	71
1418	#EE99B8	18
1419	#EE99B8	18
1420	#EE99B8	18
1421	#EE99B8	18
1422	#EE99B8	18
1423	#EE99B8	18
1424	#EE99B8	18
1425	#EE99B8	18
1426	#EE99B8	18
1427	#EE99B8	18
1428	#CD1076	71
1429	#EE99B8	18
1430	#EE99B8	18
1431	#EE99B8	18
1432	#EE99B8	18
1433	#FEF4F7	221
1434	#FEF4F7	221
1435	#FEF4F7	221
1436	#FEF4F7	221
1437	#FEF4F7	221
1438	#FEF4F7	221
1439	#D43982	398
1440	#FEF4F7	221
1441	#FEF4F7	221
1442	#FEF4F7	221
1443	#FEF4F7	221
1444	#FBDAE5	33
1445	#FBDAE5	33
1446	#FEF4F7	221
1447	#FBDAE5	33
1448	#FEF4F7	221
1449	#FEF4F7	221
1450	#D43982	398
1451	#FBDAE5	33
1452	#FBDAE5	33
1453	#FBDAE5	33
1454	#FBDAE5	33
1455	#FBDAE5	33
1456	#FFFDFE	141
1457	#FFFDFE	141
1458	#FBDAE5	33
1459	#FFFDFE	141
1460	#D43982	398
1461	#EE99B8	18
1462	#EE99B8	18
1463	#D43982	398
1464	#EE99B8	18
1466	#CD1076	114
1467	#CD1076	71
1468	#EE99B8	18
1469	#EE99B8	18
1470	#EE99B8	18
1471	#EE99B8	18
1472	#EE99B8	18
1473	#EE99B8	18
1474	#EE99B8	18
1475	#EE99B8	18
1476	#EE99B8	18
1477	#EE99B8	18
1478	#CD1076	71
1479	#EE99B8	18
1480	#EE99B8	18
1481	#EE99B8	18
1482	#EE99B8	18
1483	#EE99B8	18
1484	#FEF4F7	221
1485	#FEF4F7	221
1486	#FEF4F7	221
1487	#FEF4F7	221
1488	#FEF4F7	221
1489	#D43982	398
1490	#FEF4F7	221
1491	#FEF4F7	221
1492	#FBDAE5	33
1493	#FEF4F7	221
1494	#FEF4F7	221
1495	#FBDAE5	33
1496	#FBDAE5	33
1497	#FBDAE5	33
1498	#FBDAE5	33
1499	#FBDAE5	33
1500	#D43982	398
1501	#FBDAE5	33
1502	#FBDAE5	33
1503	#FBDAE5	33
1504	#FBDAE5	33
1505	#FBDAE5	33
1506	#FFFDFE	141
1507	#FFFDFE	141
1508	#FBDAE5	33
1509	#FBDAE5	33
1510	#FFFDFE	141
1511	#D43982	398
1512	#EE99B8	18
1513	#EE99B8	18
1514	#D43982	398
1515	#EE99B8	18
1517	#CD1076	114
1518	#CD1076	71
1519	#EE99B8	18
1520	#EE99B8	18
1521	#EE99B8	18
1522	#EE99B8	18
1523	#EE99B8	18
1524	#EE99B8	18
1525	#EE99B8	18
1526	#EE99B8	18
1527	#EE99B8	18
1528	#EE99B8	18
1529	#CD1076	71
1530	#EE99B8	18
1531	#EE99B8	18
1532	#EE99B8	18
1533	#EE99B8	18
1534	#EE99B8	18
1535	#FEF4F7	221
1536	#FEF4F7	221
1537	#FEF4F7	221
1538	#FEF4F7	221
1539	#FEF4F7	221
1540	#D43982	398
1541	#FEF4F7	221
1542	#FEF4F7	221
1543	#FBDAE5	33
1544	#FBDAE5	33
1545	#FBDAE5	33
1546	#FBDAE5	33
1547	#FBDAE5	33
1548	#FBDAE5	33
1549	#FBDAE5	33
1550	#FBDAE5	33
1551	#D43982	398
1552	#FBDAE5	33
1553	#FBDAE5	33
1554	#FBDAE5	33
1555	#FBDAE5	33
1556	#FFFDFE	141
1557	#FFFDFE	141
1558	#FFFDFE	141
1559	#FBDAE5	33
1560	#FFFDFE	141
1561	#EE99B8	18
1562	#EE99B8	18
1563	#EE99B8	18
1564	#EE99B8	18
1565	#EE99B8	18
1567	#CD1076	114
1568	#CD1076	114
1569	#EE99B8	18
1570	#EE99B8	18
1571	#EE99B8	18
1572	#EE99B8	18
1573	#EE99B8	18
1574	#EE99B8	18
1575	#EE99B8	18
1576	#EE99B8	18
1577	#EE99B8	18
1578	#EE99B8	18
1579	#CD1076	71
1580	#EE99B8	18
1581	#EE99B8	18
1582	#EE99B8	18
1583	#EE99B8	18
1584	#EE99B8	18
1585	#FEF4F7	221
1586	#FEF4F7	221
1587	#FEF4F7	221
1588	#FEF4F7	221
1589	#FEF4F7	221
1590	#CD1076	71
1591	#FEF4F7	221
1592	#FEF4F7	221
1593	#FBDAE5	33
1594	#FBDAE5	33
1595	#FBDAE5	33
1596	#FBDAE5	33
1597	#FBDAE5	33
1598	#FBDAE5	33
1599	#FBDAE5	33
1600	#FBDAE5	33
1601	#CD1076	71
1602	#FBDAE5	33
1603	#FBDAE5	33
1604	#FBDAE5	33
1605	#FBDAE5	33
1606	#FFFDFE	141
1607	#FFFDFE	141
1608	#FFFDFE	141
1609	#FFFDFE	141
1610	#FFFDFE	141
1611	#FFFDFE	141
1612	#CD1076	71
1613	#EE99B8	18
1614	#EE99B8	18
1615	#EE99B8	18
1616	#EE99B8	18
1618	#CD1076	114
1619	#CD1076	71
1620	#EE99B8	18
1621	#EE99B8	18
1622	#EE99B8	18
1623	#EE99B8	18
1624	#EE99B8	18
1625	#EE99B8	18
1626	#EE99B8	18
1627	#EE99B8	18
1628	#EE99B8	18
1629	#EE99B8	18
1630	#CD1076	71
1631	#EE99B8	18
1632	#EE99B8	18
1633	#EE99B8	18
1634	#EE99B8	18
1635	#FEF4F7	221
1636	#FEF4F7	221
1637	#FEF4F7	221
1638	#FEF4F7	221
1639	#FEF4F7	221
1640	#FEF4F7	221
1641	#CD1076	71
1642	#FEF4F7	221
1643	#FEF4F7	221
1644	#FEF4F7	221
1645	#FBDAE5	33
1646	#FBDAE5	33
1647	#FBDAE5	33
1648	#FBDAE5	33
1649	#FBDAE5	33
1650	#FBDAE5	33
1651	#FBDAE5	33
1652	#CD1076	71
1653	#FBDAE5	33
1654	#FBDAE5	33
1655	#FBDAE5	33
1656	#FFFDFE	141
1657	#FFFDFE	141
1658	#FFFDFE	141
1659	#FFFDFE	141
1660	#FFFDFE	141
1661	#FFFDFE	141
1662	#EE99B8	18
1663	#EE99B8	18
1664	#EE99B8	18
1665	#EE99B8	18
1666	#EE99B8	18
1668	#CD1076	114
1669	#CD1076	71
1670	#EE99B8	18
1671	#EE99B8	18
1672	#EE99B8	18
1673	#EE99B8	18
1674	#EE99B8	18
1675	#EE99B8	18
1676	#EE99B8	18
1677	#EE99B8	18
1678	#EE99B8	18
1679	#EE99B8	18
1680	#CD1076	71
1681	#EE99B8	18
1682	#EE99B8	18
1683	#EE99B8	18
1684	#EE99B8	18
1685	#EE99B8	18
1686	#FEF4F7	221
1687	#FEF4F7	221
1688	#FEF4F7	221
1689	#FEF4F7	221
1690	#FEF4F7	221
1691	#CD1076	71
1692	#FEF4F7	221
1693	#FEF4F7	221
1694	#FEF4F7	221
1695	#FEF4F7	221
1696	#FBDAE5	33
1697	#FBDAE5	33
1698	#FBDAE5	33
1699	#FBDAE5	33
1700	#FBDAE5	33
1701	#FBDAE5	33
1702	#CD1076	71
1703	#FBDAE5	33
1704	#FBDAE5	33
1705	#FBDAE5	33
1706	#FBDAE5	33
1707	#FFFDFE	141
1708	#FFFDFE	141
1709	#FFFDFE	141
1710	#FFFDFE	141
1711	#FFFDFE	141
1712	#FFFDFE	141
1713	#CD1076	71
1714	#EE99B8	18
1715	#EE99B8	18
1716	#EE99B8	18
1717	#EE99B8	18
1719	#CD1076	114
1720	#CD1076	71
1721	#EE99B8	18
1722	#EE99B8	18
1723	#EE99B8	18
1724	#EE99B8	18
1725	#EE99B8	18
1726	#EE99B8	18
1727	#EE99B8	18
1728	#EE99B8	18
1729	#EE99B8	18
1730	#EE99B8	18
1731	#CD1076	71
1732	#EE99B8	18
1733	#EE99B8	18
1734	#EE99B8	18
1735	#EE99B8	18
1736	#EE99B8	18
1737	#FEF4F7	221
1738	#FEF4F7	221
1739	#FEF4F7	221
1740	#FEF4F7	221
1741	#FEF4F7	221
1742	#CD1076	71
1743	#FEF4F7	221
1744	#FEF4F7	221
1745	#FEF4F7	221
1746	#FBDAE5	33
1747	#FBDAE5	33
1748	#FBDAE5	33
1749	#FBDAE5	33
1750	#FBDAE5	33
1751	#FBDAE5	33
1752	#FBDAE5	33
1753	#CD1076	71
1754	#FBDAE5	33
1755	#FBDAE5	33
1756	#FFFDFE	141
1757	#FBDAE5	33
1758	#FFFDFE	141
1759	#FFFDFE	141
1760	#FFFDFE	141
1761	#FFFDFE	141
1762	#FFFDFE	141
1763	#CD1076	71
1764	#EE99B8	18
1765	#EE99B8	18
1766	#EE99B8	18
1767	#EE99B8	18
1769	#CD1076	114
1770	#CD1076	114
1771	#EE99B8	18
1772	#EE99B8	18
1773	#EE99B8	18
1774	#EE99B8	18
1775	#EE99B8	18
1776	#EE99B8	18
1777	#EE99B8	18
1778	#EE99B8	18
1779	#EE99B8	18
1780	#EE99B8	18
1781	#CD1076	71
1782	#EE99B8	18
1783	#EE99B8	18
1784	#EE99B8	18
1785	#EE99B8	18
1786	#EE99B8	18
1787	#FEF4F7	221
1788	#FEF4F7	221
1789	#FEF4F7	221
1790	#FEF4F7	221
1791	#FEF4F7	221
1792	#CD1076	71
1793	#FBDAE5	33
1794	#FBDAE5	33
1795	#FEF4F7	221
1796	#FBDAE5	33
1797	#FBDAE5	33
1798	#FBDAE5	33
1799	#FBDAE5	33
1800	#FBDAE5	33
1801	#FBDAE5	33
1802	#FBDAE5	33
1803	#CD1076	71
1804	#FBDAE5	33
1805	#FBDAE5	33
1806	#FBDAE5	33
1807	#FFFDFE	141
1808	#FFFDFE	141
1809	#FFFDFE	141
1810	#FFFDFE	141
1811	#FFFDFE	141
1812	#FFFDFE	141
1813	#FFFDFE	141
1814	#CD1076	71
1815	#CD1076	71
1816	#EE99B8	18
1817	#EE99B8	18
1818	#EE99B8	18
1820	#CD1076	114
1821	#CD1076	114
1822	#EE99B8	18
1823	#EE99B8	18
1824	#EE99B8	18
1825	#EE99B8	18
1826	#EE99B8	18
1827	#EE99B8	18
1828	#EE99B8	18
1829	#EE99B8	18
1830	#EE99B8	18
1831	#EE99B8	18
1832	#CD1076	71
1833	#EE99B8	18
1834	#EE99B8	18
1835	#EE99B8	18
1836	#EE99B8	18
1837	#EE99B8	18
1838	#EE99B8	18
1839	#FEF4F7	221
1840	#FEF4F7	221
1841	#FEF4F7	221
1842	#FBDAE5	33
1843	#CD1076	71
1844	#FBDAE5	33
1845	#FEF4F7	221
1846	#FEF4F7	221
1847	#FBDAE5	33
1848	#FBDAE5	33
1849	#FBDAE5	33
1850	#FBDAE5	33
1851	#FBDAE5	33
1852	#FBDAE5	33
1853	#FBDAE5	33
1854	#CD1076	71
1855	#FBDAE5	33
1856	#FBDAE5	33
1857	#FFFDFE	141
1858	#FFFDFE	141
1859	#FFFDFE	141
1860	#FFFDFE	141
1861	#FFFDFE	141
1862	#FFFDFE	141
1863	#FFFDFE	141
1864	#CD1076	71
1865	#EE99B8	18
1866	#EE99B8	18
1867	#EE99B8	18
1868	#EE99B8	18
1870	#CD1076	114
1871	#CD1076	114
1872	#EE99B8	18
1873	#EE99B8	18
1874	#EE99B8	18
1875	#EE99B8	18
1876	#EE99B8	18
1877	#EE99B8	18
1878	#EE99B8	18
1879	#EE99B8	18
1880	#EE99B8	18
1881	#EE99B8	18
1882	#CD1076	114
1883	#EE99B8	18
1884	#EE99B8	18
1885	#EE99B8	18
1886	#EE99B8	18
1887	#EE99B8	18
1888	#EE99B8	18
1889	#FEF4F7	221
1890	#FEF4F7	221
1891	#FEF4F7	221
1892	#FBDAE5	33
1893	#CD1076	71
1894	#FBDAE5	33
1895	#FEF4F7	221
1896	#FEF4F7	221
1897	#FBDAE5	33
1898	#FBDAE5	33
1899	#FBDAE5	33
1900	#FBDAE5	33
1901	#FBDAE5	33
1902	#FBDAE5	33
1903	#FBDAE5	33
1904	#CD1076	71
1905	#FBDAE5	33
1906	#FBDAE5	33
1907	#FBDAE5	33
1908	#FFFDFE	141
1909	#FFFDFE	141
1910	#FFFDFE	141
1911	#FFFDFE	141
1912	#FFFDFE	141
1913	#FFFDFE	141
1914	#FFFDFE	141
1915	#CD1076	71
1916	#CD1076	71
1917	#CD1076	71
1918	#CD1076	71
1919	#EE99B8	18
1921	#CD1076	114
1922	#CD1076	114
1923	#EE99B8	18
1924	#EE99B8	18
1925	#EE99B8	18
1926	#EE99B8	18
1927	#EE99B8	18
1928	#EE99B8	18
1929	#EE99B8	18
1930	#EE99B8	18
1931	#EE99B8	18
1932	#EE99B8	18
1933	#CD1076	71
1934	#EE99B8	18
1935	#EE99B8	18
1936	#EE99B8	18
1937	#EE99B8	18
1938	#EE99B8	18
1939	#EE99B8	18
1940	#FEF4F7	221
1941	#FEF4F7	221
1942	#FEF4F7	221
1943	#FEF4F7	221
1944	#CD1076	71
1945	#FBDAE5	33
1946	#FBDAE5	33
1947	#FEF4F7	221
1948	#FBDAE5	33
1949	#FBDAE5	33
1950	#FBDAE5	33
1951	#FBDAE5	33
1952	#FBDAE5	33
1953	#FBDAE5	33
1954	#FBDAE5	33
1955	#CD1076	71
1956	#FBDAE5	33
1957	#FBDAE5	33
1958	#FFFDFE	141
1959	#FFFDFE	141
1960	#FFFDFE	141
1961	#FFFDFE	141
1962	#FFFDFE	141
1963	#FFFDFE	141
1964	#FFFDFE	141
1965	#CD1076	71
1966	#CD1076	71
1967	#CD1076	71
1968	#CD1076	71
1969	#EE99B8	18
1971	#CD1076	114
1972	#CD1076	114
1973	#CD1076	71
1974	#EE99B8	18
1975	#EE99B8	18
1976	#EE99B8	18
1977	#EE99B8	18
1978	#EE99B8	18
1979	#EE99B8	18
1980	#EE99B8	18
1981	#EE99B8	18
1982	#EE99B8	18
1983	#CD1076	71
1984	#EE99B8	18
1985	#EE99B8	18
1986	#EE99B8	18
1987	#EE99B8	18
1988	#EE99B8	18
1989	#EE99B8	18
1990	#EE99B8	18
1991	#FEF4F7	221
1992	#EE99B8	18
1993	#FEF4F7	221
1994	#CD1076	71
1995	#FEF4F7	221
1996	#FBDAE5	33
1997	#FBDAE5	33
1998	#FBDAE5	33
1999	#FBDAE5	33
2000	#FBDAE5	33
2001	#FBDAE5	33
2002	#FBDAE5	33
2003	#FBDAE5	33
2004	#FBDAE5	33
2005	#CD1076	71
2006	#FBDAE5	33
2007	#FBDAE5	33
2008	#FBDAE5	33
2009	#FFFDFE	141
2010	#FFFDFE	141
2011	#FFFDFE	141
2012	#FFFDFE	141
2013	#FFFDFE	141
2014	#FFFDFE	141
2015	#FFFDFE	141
2016	#CD1076	71
2017	#CD1076	71
2018	#CD1076	71
2019	#CD1076	71
2020	#CD1076	71
2022	#CD1076	114
2023	#CD1076	71
2024	#EE99B8	18
2025	#EE99B8	18
2026	#EE99B8	18
2027	#EE99B8	18
2028	#EE99B8	18
2029	#EE99B8	18
2030	#EE99B8	18
2031	#EE99B8	18
2032	#EE99B8	18
2033	#EE99B8	18
2034	#CD1076	71
2035	#EE99B8	18
2036	#EE99B8	18
2037	#EE99B8	18
2038	#EE99B8	18
2039	#EE99B8	18
2040	#EE99B8	18
2041	#EE99B8	18
2042	#EE99B8	18
2043	#FEF4F7	221
2044	#FBDAE5	33
2045	#CD1076	71
2046	#FEF4F7	221
2047	#FBDAE5	33
2048	#FBDAE5	33
2049	#FBDAE5	33
2050	#FBDAE5	33
2051	#FBDAE5	33
2052	#FBDAE5	33
2053	#FBDAE5	33
2054	#FBDAE5	33
2055	#FBDAE5	33
2056	#CD1076	71
2057	#FBDAE5	33
2058	#FBDAE5	33
2059	#FBDAE5	33
2060	#FFFDFE	141
2061	#FFFDFE	141
2062	#FFFDFE	141
2063	#FFFDFE	141
2064	#FFFDFE	141
2065	#FFFDFE	141
2066	#CD1076	71
2067	#CD1076	71
2068	#CD1076	71
2069	#CD1076	71
2070	#CD1076	71
2072	#CD1076	114
2073	#CD1076	71
2074	#CD1076	71
2075	#EE99B8	18
2076	#EE99B8	18
2077	#EE99B8	18
2078	#EE99B8	18
2079	#EE99B8	18
2080	#EE99B8	18
2081	#EE99B8	18
2082	#EE99B8	18
2083	#EE99B8	18
2084	#CD1076	71
2085	#EE99B8	18
2086	#EE99B8	18
2087	#EE99B8	18
2088	#EE99B8	18
2089	#EE99B8	18
2090	#EE99B8	18
2091	#EE99B8	18
2092	#EE99B8	18
2093	#FEF4F7	221
2094	#FBDAE5	33
2095	#CD1076	71
2096	#FEF4F7	221
2097	#FBDAE5	33
2098	#FBDAE5	33
2099	#FBDAE5	33
2100	#FBDAE5	33
2101	#FBDAE5	33
2102	#FBDAE5	33
2103	#FFFDFE	141
2104	#FBDAE5	33
2105	#FBDAE5	33
2106	#CD1076	71
2107	#FBDAE5	33
2108	#FBDAE5	33
2109	#FBDAE5	33
2110	#FFFDFE	141
2111	#FFFDFE	141
2112	#FFFDFE	141
2113	#FFFDFE	141
2114	#FFFDFE	141
2115	#FFFDFE	141
2116	#FFFDFE	141
2117	#CD1076	71
2118	#CF227A	111
2119	#CD1076	71
2120	#CD1076	71
2121	#CD1076	71
2123	#CD1076	114
2124	#CD1076	71
2125	#EE99B8	18
2126	#EE99B8	18
2127	#EE99B8	18
2128	#EE99B8	18
2129	#EE99B8	18
2130	#EE99B8	18
2131	#EE99B8	18
2132	#EE99B8	18
2133	#EE99B8	18
2134	#EE99B8	18
2135	#CD1076	71
2136	#EE99B8	18
2137	#EE99B8	18
2138	#EE99B8	18
2139	#EE99B8	18
2140	#EE99B8	18
2141	#EE99B8	18
2142	#EE99B8	18
2143	#EE99B8	18
2144	#FBDAE5	33
2145	#FBDAE5	33
2146	#CD1076	71
2147	#FEF4F7	221
2148	#FBDAE5	33
2149	#FBDAE5	33
2150	#FBDAE5	33
2151	#FBDAE5	33
2152	#FBDAE5	33
2153	#FFFDFE	141
2154	#FFFDFE	141
2155	#FBDAE5	33
2156	#FBDAE5	33
2157	#CD1076	71
2158	#FBDAE5	33
2159	#FFFDFE	141
2160	#FFFDFE	141
2161	#FFFDFE	141
2162	#FFFDFE	141
2163	#FFFDFE	141
2164	#FFFDFE	141
2165	#FFFDFE	141
2166	#FFFDFE	141
2167	#CD1076	71
2168	#CF227A	111
2169	#CF227A	111
2170	#CD1076	71
2171	#CD1076	71
2173	#CD1076	114
2174	#CD1076	29
2175	#CD1076	71
2176	#CD1076	71
2177	#EE99B8	18
2178	#EE99B8	18
2179	#EE99B8	18
2180	#EE99B8	18
2181	#EE99B8	18
2182	#EE99B8	18
2183	#EE99B8	18
2184	#EE99B8	18
2185	#CD1076	71
2186	#EE99B8	18
2187	#EE99B8	18
2188	#EE99B8	18
2189	#EE99B8	18
2190	#EE99B8	18
2191	#EE99B8	18
2192	#EE99B8	18
2193	#EE99B8	18
2194	#EE99B8	18
2195	#FBDAE5	33
2196	#CD1076	71
2197	#FBDAE5	33
2198	#FBDAE5	33
2199	#FBDAE5	33
2200	#FBDAE5	33
2201	#FBDAE5	33
2202	#FBDAE5	33
2203	#FFFDFE	141
2204	#FBDAE5	33
2205	#FFFDFE	141
2206	#FBDAE5	33
2207	#CD1076	71
2208	#FBDAE5	33
2209	#FFFDFE	141
2210	#FFFDFE	141
2211	#FFFDFE	141
2212	#FFFDFE	141
2213	#FFFDFE	141
2214	#FFFDFE	141
2215	#FFFDFE	141
2216	#FFFDFE	141
2217	#FFFDFE	141
2218	#CD1076	71
2219	#CD1076	71
2220	#CF227A	111
2221	#CF227A	111
2222	#CF227A	111
2224	#CD1076	29
2225	#CD1076	29
2226	#CD1076	71
2227	#CD1076	71
2228	#CD1076	71
2229	#EE99B8	18
2230	#EE99B8	18
2231	#EE99B8	18
2232	#EE99B8	18
2233	#EE99B8	18
2234	#EE99B8	18
2235	#EE99B8	18
2236	#CD1076	71
2237	#EE99B8	18
2238	#EE99B8	18
2239	#EE99B8	18
2240	#EE99B8	18
2241	#EE99B8	18
2242	#EE99B8	18
2243	#EE99B8	18
2244	#EE99B8	18
2245	#FBDAE5	33
2246	#FBDAE5	33
2247	#CD1076	71
2248	#FBDAE5	33
2249	#FBDAE5	33
2250	#FBDAE5	33
2251	#FBDAE5	33
2252	#FBDAE5	33
2253	#FFFDFE	141
2254	#FFFDFE	141
2255	#FBDAE5	33
2256	#FFFDFE	141
2257	#FBDAE5	33
2258	#CD1076	71
2259	#FBDAE5	33
2260	#FFFDFE	141
2261	#FFFDFE	141
2262	#FFFDFE	141
2263	#FBDAE5	33
2264	#FFFDFE	141
2265	#FFFDFE	141
2266	#FFFDFE	141
2267	#FFFDFE	141
2268	#CD1076	71
2269	#CF227A	111
2270	#CF227A	111
2271	#CF227A	111
2272	#CD1076	71
2274	#CD1076	364
2275	#CD1076	364
2276	#D43982	398
2277	#D43982	398
2278	#D43982	398
2279	#D43982	398
2280	#D43982	398
2281	#D43982	398
2282	#D43982	398
2283	#D43982	398
2284	#D43982	398
2285	#EE99B8	18
2286	#CD1076	61
2287	#EE99B8	18
2288	#D43982	398
2289	#D43982	398
2290	#EE99B8	18
2291	#EE99B8	18
2292	#EE99B8	18
2293	#EE99B8	18
2294	#EE99B8	18
2295	#EE99B8	18
2296	#EE99B8	18
2297	#CD1076	61
2298	#EE99B8	18
2299	#EE99B8	18
2300	#EE99B8	18
2301	#EE99B8	18
2302	#EE99B8	18
2303	#EE99B8	18
2304	#EE99B8	18
2305	#EE99B8	18
2306	#EE99B8	18
2307	#EE99B8	18
2308	#D43982	398
2309	#EE99B8	18
2310	#EE99B8	18
2311	#FEF4F7	221
2312	#FEF4F7	221
2313	#FEF4F7	221
2314	#FEF4F7	221
2315	#FEF4F7	221
2316	#FEF4F7	221
2317	#FEF4F7	221
2318	#FEF4F7	221
2319	#D43982	398
2320	#D43982	398
2321	#D43982	398
2322	#D43982	398
2323	#D43982	398
2325	#CD1076	364
2326	#CD1076	364
2327	#D43982	398
2328	#D43982	398
2329	#D43982	398
2330	#D43982	398
2331	#D43982	398
2332	#D43982	398
2333	#D43982	398
2334	#EE99B8	18
2335	#EE99B8	18
2336	#EE99B8	18
2337	#CD1076	61
2338	#D43982	398
2339	#D43982	398
2340	#D43982	398
2341	#EE99B8	18
2342	#EE99B8	18
2343	#EE99B8	18
2344	#EE99B8	18
2345	#EE99B8	18
2346	#EE99B8	18
2347	#EE99B8	18
2348	#CD1076	61
2349	#EE99B8	18
2350	#EE99B8	18
2351	#EE99B8	18
2352	#EE99B8	18
2353	#EE99B8	18
2354	#EE99B8	18
2355	#EE99B8	18
2356	#EE99B8	18
2357	#EE99B8	18
2358	#FEF4F7	221
2359	#D43982	398
2360	#EE99B8	18
2361	#EE99B8	18
2362	#FEF4F7	221
2363	#FEF4F7	221
2364	#FEF4F7	221
2365	#FEF4F7	221
2366	#FEF4F7	221
2367	#FEF4F7	221
2368	#FEF4F7	221
2369	#D43982	398
2370	#D43982	398
2371	#D43982	398
2372	#D43982	398
2373	#D43982	398
2375	#CD1076	29
2376	#CD1076	29
2377	#CD1076	71
2378	#CF227A	111
2379	#CD1076	71
2380	#EE99B8	18
2381	#EE99B8	18
2382	#EE99B8	18
2383	#EE99B8	18
2384	#EE99B8	18
2385	#EE99B8	18
2386	#EE99B8	18
2387	#CD1076	29
2388	#EE99B8	18
2389	#EE99B8	18
2390	#EE99B8	18
2391	#EE99B8	18
2392	#EE99B8	18
2393	#EE99B8	18
2394	#EE99B8	18
2395	#EE99B8	18
2396	#FBDAE5	33
2397	#FBDAE5	33
2398	#CD1076	71
2399	#FBDAE5	33
2400	#FBDAE5	33
2401	#FBDAE5	33
2402	#FBDAE5	33
2403	#FBDAE5	33
2404	#FBDAE5	33
2405	#FBDAE5	33
2406	#FBDAE5	33
2407	#FBDAE5	33
2408	#FFFDFE	141
2409	#CF227A	111
2410	#FBDAE5	33
2411	#FFFDFE	141
2412	#FFFDFE	141
2413	#FBDAE5	33
2414	#FBDAE5	33
2415	#FFFDFE	141
2416	#FFFDFE	141
2417	#FFFDFE	141
2418	#FFFDFE	141
2419	#FFFDFE	141
2420	#CF227A	111
2421	#CD1076	71
2422	#CF227A	111
2423	#CF227A	111
2424	#CF227A	111
2426	#CD1076	29
2427	#CD1076	29
2428	#CF227A	111
2429	#CD1076	71
2430	#CD1076	71
2431	#EE99B8	18
2432	#EE99B8	18
2433	#EE99B8	18
2434	#EE99B8	18
2435	#EE99B8	18
2436	#EE99B8	18
2437	#EE99B8	18
2438	#CD1076	29
2439	#EE99B8	18
2440	#EE99B8	18
2441	#EE99B8	18
2442	#EE99B8	18
2443	#EE99B8	18
2444	#EE99B8	18
2445	#EE99B8	18
2446	#EE99B8	18
2447	#FBDAE5	33
2448	#FBDAE5	33
2449	#CD1076	29
2450	#FBDAE5	33
2451	#FBDAE5	33
2452	#FBDAE5	33
2453	#FBDAE5	33
2454	#FBDAE5	33
2455	#FBDAE5	33
2456	#FBDAE5	33
2457	#FBDAE5	33
2458	#FFFDFE	141
2459	#FFFDFE	141
2460	#CF227A	111
2461	#FFFDFE	141
2462	#FBDAE5	33
2463	#FBDAE5	33
2464	#FBDAE5	33
2465	#FFFDFE	141
2466	#FFFDFE	141
2467	#FFFDFE	141
2468	#FFFDFE	141
2469	#FFFDFE	141
2470	#CF227A	111
2471	#CD1076	71
2472	#CF227A	111
2473	#CF227A	111
2474	#CD1076	71
2476	#CD1076	29
2477	#CD1076	29
2478	#CF227A	111
2479	#CF227A	111
2480	#CD1076	71
2481	#EE99B8	18
2482	#EE99B8	18
2483	#EE99B8	18
2484	#EE99B8	18
2485	#EE99B8	18
2486	#EE99B8	18
2487	#EE99B8	18
2488	#CD1076	29
2489	#EE99B8	18
2490	#EE99B8	18
2491	#EE99B8	18
2492	#EE99B8	18
2493	#EE99B8	18
2494	#EE99B8	18
2495	#EE99B8	18
2496	#EE99B8	18
2497	#EE99B8	18
2498	#FBDAE5	33
2499	#CD1076	29
2500	#FBDAE5	33
2501	#FBDAE5	33
2502	#FBDAE5	33
2503	#FBDAE5	33
2504	#FBDAE5	33
2505	#FBDAE5	33
2506	#FBDAE5	33
2507	#FBDAE5	33
2508	#FBDAE5	33
2509	#FBDAE5	33
2510	#CF227A	111
2511	#FFFDFE	141
2512	#FBDAE5	33
2513	#FBDAE5	33
2514	#FFFFFF	302
2515	#FBDAE5	33
2516	#FFFDFE	141
2517	#FBDAE5	33
2518	#FBDAE5	33
2519	#FFFDFE	141
2520	#FFFDFE	141
2521	#CF227A	111
2522	#CF227A	111
2523	#CF227A	111
2524	#CF227A	111
2525	#CF227A	111
2527	#CD1076	29
2528	#CD1076	29
2529	#CF227A	111
2530	#CD1076	71
2531	#EE99B8	18
2532	#EE99B8	18
2533	#EE99B8	18
2534	#EE99B8	18
2535	#EE99B8	18
2536	#EE99B8	18
2537	#EE99B8	18
2538	#EE99B8	18
2539	#CD1076	29
2540	#EE99B8	18
2541	#EE99B8	18
2542	#EE99B8	18
2543	#EE99B8	18
2544	#EE99B8	18
2545	#EE99B8	18
2546	#EE99B8	18
2547	#EE99B8	18
2548	#EE99B8	18
2549	#EE99B8	18
2550	#CF227A	111
2551	#FBDAE5	33
2552	#FBDAE5	33
2553	#FBDAE5	33
2554	#FBDAE5	33
2555	#FBDAE5	33
2556	#FBDAE5	33
2557	#FBDAE5	33
2558	#FBDAE5	33
2559	#FBDAE5	33
2560	#FBDAE5	33
2561	#CF227A	111
2562	#FFFDFE	141
2563	#FBDAE5	33
2564	#FFFFFF	302
2565	#FBDAE5	33
2566	#FFFDFE	141
2567	#FBDAE5	33
2568	#FBDAE5	33
2569	#FFFDFE	141
2570	#FFFDFE	141
2571	#CF227A	111
2572	#CF227A	111
2573	#CF227A	111
2574	#CF227A	111
2575	#CF227A	111
2577	#CD1076	29
2578	#CD1076	29
2579	#CF227A	111
2580	#CF227A	111
2581	#CF227A	111
2582	#EE99B8	18
2583	#EE99B8	18
2584	#EE99B8	18
2585	#EE99B8	18
2586	#EE99B8	18
2587	#EE99B8	18
2588	#EE99B8	18
2589	#CD1076	29
2590	#EE99B8	18
2591	#EE99B8	18
2592	#EE99B8	18
2593	#EE99B8	18
2594	#EE99B8	18
2595	#EE99B8	18
2596	#EE99B8	18
2597	#EE99B8	18
2598	#EE99B8	18
2599	#EE99B8	18
2600	#CD1076	29
2601	#EE99B8	18
2602	#EE99B8	18
2603	#FBDAE5	33
2604	#FBDAE5	33
2605	#FBDAE5	33
2606	#FBDAE5	33
2607	#FBDAE5	33
2608	#FBDAE5	33
2609	#FBDAE5	33
2610	#FBDAE5	33
2611	#CD1076	29
2612	#FBDAE5	33
2613	#FBDAE5	33
2614	#FFFFFF	302
2615	#FBDAE5	33
2616	#FFFDFE	141
2617	#FFFDFE	141
2618	#FBDAE5	33
2619	#FBDAE5	33
2620	#FFFDFE	141
2621	#FFFDFE	141
2622	#CF227A	111
2623	#CF227A	111
2624	#CF227A	111
2625	#CF227A	111
2626	#CF227A	111
2628	#CD1076	29
2629	#CD1076	29
2630	#CF227A	111
2631	#CF227A	111
2632	#CF227A	111
2633	#EE99B8	18
2634	#EE99B8	18
2635	#EE99B8	18
2636	#EE99B8	18
2637	#EE99B8	18
2638	#EE99B8	18
2639	#EE99B8	18
2640	#CD1076	29
2641	#EE99B8	18
2642	#EE99B8	18
2643	#EE99B8	18
2644	#EE99B8	18
2645	#EE99B8	18
2646	#EE99B8	18
2647	#EE99B8	18
2648	#EE99B8	18
2649	#EE99B8	18
2650	#EE99B8	18
2651	#CD1076	29
2652	#EE99B8	18
2653	#FBDAE5	33
2654	#FBDAE5	33
2655	#FBDAE5	33
2656	#FBDAE5	33
2657	#FBDAE5	33
2658	#FBDAE5	33
2659	#FBDAE5	33
2660	#FBDAE5	33
2661	#FBDAE5	33
2662	#CD1076	29
2663	#FBDAE5	33
2664	#FFFFFF	302
2665	#FBDAE5	33
2666	#FFFDFE	141
2667	#FFFDFE	141
2668	#FBDAE5	33
2669	#FBDAE5	33
2670	#FBDAE5	33
2671	#FBDAE5	33
2672	#CF227A	111
2673	#CF227A	111
2674	#CF227A	111
2675	#CF227A	111
2676	#CF227A	111
2678	#CD1076	338
2679	#CD1076	29
2680	#CF227A	111
2681	#CF227A	111
2682	#CF227A	111
2683	#CF227A	111
2684	#EE99B8	18
2685	#EE99B8	18
2686	#EE99B8	18
2687	#EE99B8	18
2688	#EE99B8	18
2689	#EE99B8	18
2690	#CD1076	29
2691	#EE99B8	18
2692	#EE99B8	18
2693	#EE99B8	18
2694	#EE99B8	18
2695	#EE99B8	18
2696	#EE99B8	18
2697	#EE99B8	18
2698	#EE99B8	18
2699	#EE99B8	18
2700	#EE99B8	18
2701	#CD1076	29
2702	#EE99B8	18
2703	#EE99B8	18
2704	#FBDAE5	33
2705	#FBDAE5	33
2706	#FBDAE5	33
2707	#FBDAE5	33
2708	#FBDAE5	33
2709	#FBDAE5	33
2710	#FBDAE5	33
2711	#FBDAE5	33
2712	#CD1076	29
2713	#FBDAE5	33
2714	#FFFDFE	141
2715	#FFFDFE	141
2716	#FFFDFE	141
2717	#FFFDFE	141
2718	#FFFDFE	141
2719	#FBDAE5	33
2720	#FBDAE5	33
2721	#FBDAE5	33
2722	#FBDAE5	33
2723	#CD1076	29
2724	#CF227A	111
2725	#CF227A	111
2726	#CF227A	111
2727	#CF227A	111
2729	#CD1076	338
2730	#CD1076	29
2731	#CF227A	111
2732	#CF227A	111
2733	#CF227A	111
2734	#CF227A	111
2735	#EE99B8	18
2736	#EE99B8	18
2737	#EE99B8	18
2738	#EE99B8	18
2739	#EE99B8	18
2740	#EE99B8	18
2741	#CD1076	29
2742	#EE99B8	18
2743	#EE99B8	18
2744	#EE99B8	18
2745	#EE99B8	18
2746	#EE99B8	18
2747	#EE99B8	18
2748	#EE99B8	18
2749	#EE99B8	18
2750	#EE99B8	18
2751	#EE99B8	18
2752	#CD1076	29
2753	#EE99B8	18
2754	#EE99B8	18
2755	#EE99B8	18
2756	#FBDAE5	33
2757	#FBDAE5	33
2758	#FBDAE5	33
2759	#FBDAE5	33
2760	#FBDAE5	33
2761	#FBDAE5	33
2762	#FBDAE5	33
2763	#CF227A	111
2764	#FFFDFE	141
2765	#FFFDFE	141
2766	#FFFDFE	141
2767	#FFFDFE	141
2768	#FFFDFE	141
2769	#FBDAE5	33
2770	#FBDAE5	33
2771	#FBDAE5	33
2772	#FBDAE5	33
2773	#CF227A	111
2774	#CF227A	111
2775	#CF227A	111
2776	#CF227A	111
2777	#CF227A	111
2779	#CD1076	338
2780	#CD1076	29
2781	#CF227A	111
2782	#CF227A	111
2783	#CF227A	111
2784	#CF227A	111
2785	#CF227A	111
2786	#EE99B8	18
2787	#EE99B8	18
2788	#EE99B8	18
2789	#EE99B8	18
2790	#EE99B8	18
2791	#CD1076	29
2792	#EE99B8	18
2793	#EE99B8	18
2794	#EE99B8	18
2795	#EE99B8	18
2796	#EE99B8	18
2797	#EE99B8	18
2798	#EE99B8	18
2799	#EE99B8	18
2800	#EE99B8	18
2801	#EE99B8	18
2802	#CD1076	29
2803	#EE99B8	18
2804	#EE99B8	18
2805	#EE99B8	18
2806	#EE99B8	18
2807	#EE99B8	18
2808	#EE99B8	18
2809	#EE99B8	18
2810	#EE99B8	18
2811	#FBDAE5	33
2812	#FBDAE5	33
2813	#CF227A	111
2814	#FFFDFE	141
2815	#FBDAE5	33
2816	#FBDAE5	33
2817	#FFFDFE	141
2818	#FBDAE5	33
2819	#FBDAE5	33
2820	#FBDAE5	33
2821	#FBDAE5	33
2822	#FBDAE5	33
2823	#FBDAE5	33
2824	#CF227A	111
2825	#CF227A	111
2826	#CF227A	111
2827	#CF227A	111
2828	#CF227A	111
2830	#CD1076	338
2831	#CD1076	29
2832	#CF227A	111
2833	#CF227A	111
2834	#CF227A	111
2835	#CF227A	111
2836	#CF227A	111
2837	#EE99B8	18
2838	#EE99B8	18
2839	#EE99B8	18
2840	#EE99B8	18
2841	#EE99B8	18
2842	#CD1076	29
2843	#EE99B8	18
2844	#EE99B8	18
2845	#EE99B8	18
2846	#EE99B8	18
2847	#EE99B8	18
2848	#EE99B8	18
2849	#EE99B8	18
2850	#EE99B8	18
2851	#EE99B8	18
2852	#EE99B8	18
2853	#CD1076	29
2854	#EE99B8	18
2855	#EE99B8	18
2856	#EE99B8	18
2857	#EE99B8	18
2858	#EE99B8	18
2859	#EE99B8	18
2860	#EE99B8	18
2861	#FBDAE5	33
2862	#FBDAE5	33
2863	#FBDAE5	33
2864	#CF227A	111
2865	#FBDAE5	33
2866	#FBDAE5	33
2867	#FFFDFE	141
2868	#FFFDFE	141
2869	#FBDAE5	33
2870	#FBDAE5	33
2871	#FBDAE5	33
2872	#FBDAE5	33
2873	#FBDAE5	33
2874	#CF227A	111
2875	#CF227A	111
2876	#CF227A	111
2877	#CF227A	111
2878	#CF227A	111
2880	#CD1076	338
2881	#CD1076	29
2882	#CF227A	111
2883	#CF227A	111
2884	#CF227A	111
2885	#CF227A	111
2886	#CF227A	111
2887	#EE99B8	18
2888	#EE99B8	18
2889	#EE99B8	18
2890	#EE99B8	18
2891	#EE99B8	18
2892	#CD1076	29
2893	#EE99B8	18
2894	#EE99B8	18
2895	#EE99B8	18
2896	#EE99B8	18
2897	#EE99B8	18
2898	#EE99B8	18
2899	#EE99B8	18
2900	#EE99B8	18
2901	#EE99B8	18
2902	#EE99B8	18
2903	#CD1076	29
2904	#EE99B8	18
2905	#EE99B8	18
2906	#EE99B8	18
2907	#EE99B8	18
2908	#EE99B8	18
2909	#EE99B8	18
2910	#EE99B8	18
2911	#FBDAE5	33
2912	#FBDAE5	33
2913	#FBDAE5	33
2914	#CF227A	111
2915	#FBDAE5	33
2916	#FBDAE5	33
2917	#FBDAE5	33
2918	#FBDAE5	33
2919	#FBDAE5	33
2920	#FBDAE5	33
2921	#FBDAE5	33
2922	#FBDAE5	33
2923	#FBDAE5	33
2924	#FBDAE5	33
2925	#CF227A	111
2926	#CF227A	111
2927	#CF227A	111
2928	#CF227A	111
2929	#CF227A	111
2931	#CD1076	338
2932	#CD1076	29
2933	#CF227A	111
2934	#CF227A	111
2935	#CF227A	111
2936	#CF227A	111
2937	#EE99B8	18
2938	#EE99B8	18
2939	#EE99B8	18
2940	#EE99B8	18
2941	#EE99B8	18
2942	#EE99B8	18
2943	#CD1076	29
2944	#EE99B8	18
2945	#EE99B8	18
2946	#EE99B8	18
2947	#EE99B8	18
2948	#EE99B8	18
2949	#EE99B8	18
2950	#EE99B8	18
2951	#EE99B8	18
2952	#EE99B8	18
2953	#EE99B8	18
2954	#CF227A	111
2955	#EE99B8	18
2956	#EE99B8	18
2957	#EE99B8	18
2958	#EE99B8	18
2959	#EE99B8	18
2960	#EE99B8	18
2961	#EE99B8	18
2962	#FBDAE5	33
2963	#EE99B8	18
2964	#FBDAE5	33
2965	#CF227A	111
2966	#FBDAE5	33
2967	#FBDAE5	33
2968	#FBDAE5	33
2969	#FBDAE5	33
2970	#FBDAE5	33
2971	#FBDAE5	33
2972	#FBDAE5	33
2973	#FBDAE5	33
2974	#FBDAE5	33
2975	#CF227A	111
2976	#CF227A	111
2977	#CF227A	111
2978	#CF227A	111
2979	#CF227A	111
2981	#CD1076	338
2982	#CD1076	29
2983	#CF227A	111
2984	#CF227A	111
2985	#CF227A	111
2986	#CF227A	111
2987	#EE99B8	18
2988	#EE99B8	18
2989	#EE99B8	18
2990	#EE99B8	18
2991	#EE99B8	18
2992	#EE99B8	18
2993	#CD1076	29
2994	#EE99B8	18
2995	#EE99B8	18
2996	#EE99B8	18
2997	#EE99B8	18
2998	#EE99B8	18
2999	#EE99B8	18
3000	#EE99B8	18
3001	#EE99B8	18
3002	#EE99B8	18
3003	#EE99B8	18
3004	#CD1076	29
3005	#EE99B8	18
3006	#EE99B8	18
3007	#EE99B8	18
3008	#EE99B8	18
3009	#EE99B8	18
3010	#EE99B8	18
3011	#EE99B8	18
3012	#EE99B8	18
3013	#EE99B8	18
3014	#EE99B8	18
3015	#CD1076	29
3016	#FBDAE5	33
3017	#FBDAE5	33
3018	#FBDAE5	33
3019	#FBDAE5	33
3020	#FBDAE5	33
3021	#FBDAE5	33
3022	#FBDAE5	33
3023	#FBDAE5	33
3024	#FBDAE5	33
3025	#FBDAE5	33
3026	#CF227A	111
3027	#CF227A	111
3028	#CF227A	111
3029	#CF227A	111
3030	#CF227A	111
3032	#CD1076	338
3033	#CD1076	29
3034	#CF227A	111
3035	#CF227A	111
3036	#CF227A	111
3037	#CF227A	111
3038	#EE99B8	18
3039	#EE99B8	18
3040	#EE99B8	18
3041	#EE99B8	18
3042	#EE99B8	18
3043	#EE99B8	18
3044	#CD1076	29
3045	#EE99B8	18
3046	#EE99B8	18
3047	#EE99B8	18
3048	#EE99B8	18
3049	#EE99B8	18
3050	#EE99B8	18
3051	#EE99B8	18
3052	#EE99B8	18
3053	#EE99B8	18
3054	#EE99B8	18
3055	#CD1076	29
3056	#EE99B8	18
3057	#EE99B8	18
3058	#EE99B8	18
3059	#EE99B8	18
3060	#EE99B8	18
3061	#EE99B8	18
3062	#EE99B8	18
3063	#EE99B8	18
3064	#EE99B8	18
3065	#FBDAE5	33
3066	#CD1076	29
3067	#FBDAE5	33
3068	#FBDAE5	33
3069	#FBDAE5	33
3070	#FBDAE5	33
3071	#FBDAE5	33
3072	#FBDAE5	33
3073	#FBDAE5	33
3074	#FBDAE5	33
3075	#FBDAE5	33
3076	#CF227A	111
3077	#CF227A	111
3078	#CF227A	111
3079	#CF227A	111
3080	#CF227A	111
3082	#CD1076	338
3083	#CD1076	29
3084	#CF227A	111
3085	#CF227A	111
3086	#CF227A	111
3087	#CF227A	111
3088	#EE99B8	18
3089	#EE99B8	18
3090	#EE99B8	18
3091	#EE99B8	18
3092	#EE99B8	18
3093	#EE99B8	18
3094	#CD1076	29
3095	#EE99B8	18
3096	#EE99B8	18
3097	#EE99B8	18
3098	#EE99B8	18
3099	#EE99B8	18
3100	#EE99B8	18
3101	#EE99B8	18
3102	#EE99B8	18
3103	#EE99B8	18
3104	#EE99B8	18
3105	#CD1076	29
3106	#EE99B8	18
3107	#EE99B8	18
3108	#EE99B8	18
3109	#EE99B8	18
3110	#EE99B8	18
3111	#EE99B8	18
3112	#FBDAE5	33
3113	#EE99B8	18
3114	#FBDAE5	33
3115	#FBDAE5	33
3116	#CD1076	29
3117	#FBDAE5	33
3118	#FBDAE5	33
3119	#FBDAE5	33
3120	#FBDAE5	33
3121	#EE99B8	18
3122	#EE99B8	18
3123	#FBDAE5	33
3124	#FBDAE5	33
3125	#FBDAE5	33
3126	#FBDAE5	33
3127	#CF227A	111
3128	#CF227A	111
3129	#CF227A	111
3130	#CF227A	111
3131	#CF227A	111
3133	#CD1076	29
3134	#CD1076	29
3135	#CF227A	111
3136	#CF227A	111
3137	#CF227A	111
3138	#CF227A	111
3139	#EE99B8	18
3140	#EE99B8	18
3141	#EE99B8	18
3142	#EE99B8	18
3143	#EE99B8	18
3144	#EE99B8	18
3145	#CD1076	29
3146	#EE99B8	18
3147	#EE99B8	18
3148	#EE99B8	18
3149	#EE99B8	18
3150	#EE99B8	18
3151	#EE99B8	18
3152	#EE99B8	18
3153	#EE99B8	18
3154	#EE99B8	18
3155	#EE99B8	18
3156	#CD1076	29
3157	#EE99B8	18
3158	#EE99B8	18
3159	#EE99B8	18
3160	#EE99B8	18
3161	#FBDAE5	33
3162	#FBDAE5	33
3163	#FBDAE5	33
3164	#EE99B8	18
3165	#FBDAE5	33
3166	#FBDAE5	33
3167	#CF227A	111
3168	#FBDAE5	33
3169	#FBDAE5	33
3170	#FBDAE5	33
3171	#FBDAE5	33
3172	#EE99B8	18
3173	#FBDAE5	33
3174	#EE99B8	18
3175	#EE99B8	18
3176	#FBDAE5	33
3177	#CD1076	29
3178	#CF227A	111
3179	#CF227A	111
3180	#CF227A	111
3181	#CF227A	111
3183	#CD1076	29
3184	#CD1076	29
3185	#CF227A	111
3186	#CF227A	111
3187	#CF227A	111
3188	#CF227A	111
3189	#EE99B8	18
3190	#EE99B8	18
3191	#EE99B8	18
3192	#EE99B8	18
3193	#EE99B8	18
3194	#EE99B8	18
3195	#CD1076	29
3196	#EE99B8	18
3197	#EE99B8	18
3198	#EE99B8	18
3199	#EE99B8	18
3200	#EE99B8	18
3201	#EE99B8	18
3202	#EE99B8	18
3203	#EE99B8	18
3204	#EE99B8	18
3205	#EE99B8	18
3206	#CD1076	29
3207	#EE99B8	18
3208	#EE99B8	18
3209	#EE99B8	18
3210	#FBDAE5	33
3211	#FBDAE5	33
3212	#FBDAE5	33
3213	#EE99B8	18
3214	#FBDAE5	33
3215	#EE99B8	18
3216	#EE99B8	18
3217	#CD1076	29
3218	#EE99B8	18
3219	#FBDAE5	33
3220	#FBDAE5	33
3221	#FBDAE5	33
3222	#EE99B8	18
3223	#FBDAE5	33
3224	#FBDAE5	33
3225	#EE99B8	18
3226	#FBDAE5	33
3227	#FBDAE5	33
3228	#CD1076	29
3229	#CF227A	111
3230	#CF227A	111
3231	#CF227A	111
3232	#CF227A	111
3234	#CD1076	29
3235	#CD1076	29
3236	#CF227A	111
3237	#CF227A	111
3238	#CF227A	111
3239	#CF227A	111
3240	#EE99B8	18
3241	#EE99B8	18
3242	#EE99B8	18
3243	#EE99B8	18
3244	#EE99B8	18
3245	#EE99B8	18
3246	#CD1076	29
3247	#EE99B8	18
3248	#EE99B8	18
3249	#EE99B8	18
3250	#EE99B8	18
3251	#EE99B8	18
3252	#EE99B8	18
3253	#EE99B8	18
3254	#EE99B8	18
3255	#EE99B8	18
3256	#EE99B8	18
3257	#CD1076	29
3258	#EE99B8	18
3259	#EE99B8	18
3260	#EE99B8	18
3261	#FBDAE5	33
3262	#FBDAE5	33
3263	#FBDAE5	33
3264	#EE99B8	18
3265	#FBDAE5	33
3266	#EE99B8	18
3267	#EE99B8	18
3268	#CD1076	29
3269	#EE99B8	18
3270	#FBDAE5	33
3271	#FBDAE5	33
3272	#EE99B8	18
3273	#EE99B8	18
3274	#EE99B8	18
3275	#EE99B8	18
3276	#EE99B8	18
3277	#FBDAE5	33
3278	#CF227A	111
3279	#CF227A	111
3280	#CF227A	111
3281	#CF227A	111
3282	#CF227A	111
3284	#CD1076	261
3285	#CD1076	29
3286	#EE99B8	18
3287	#CF227A	111
3288	#CF227A	111
3289	#CF227A	111
3290	#CF227A	111
3291	#EE99B8	18
3292	#EE99B8	18
3293	#EE99B8	18
3294	#EE99B8	18
3295	#EE99B8	18
3296	#CD1076	29
3297	#EE99B8	18
3298	#EE99B8	18
3299	#EE99B8	18
3300	#EE99B8	18
3301	#EE99B8	18
3302	#EE99B8	18
3303	#EE99B8	18
3304	#EE99B8	18
3305	#EE99B8	18
3306	#EE99B8	18
3307	#CD1076	29
3308	#EE99B8	18
3309	#EE99B8	18
3310	#EE99B8	18
3311	#EE99B8	18
3312	#FBDAE5	33
3313	#FBDAE5	33
3314	#EE99B8	18
3315	#FBDAE5	33
3316	#FBDAE5	33
3317	#EE99B8	18
3318	#CD1076	29
3319	#EE99B8	18
3320	#EE99B8	18
3321	#FBDAE5	33
3322	#FBDAE5	33
3323	#EE99B8	18
3324	#EE99B8	18
3325	#EE99B8	18
3326	#EE99B8	18
3327	#FBDAE5	33
3328	#FBDAE5	33
3329	#CF227A	111
3330	#CF227A	111
3331	#CF227A	111
3332	#CF227A	111
3333	#CF227A	111
3335	#CD1076	261
3336	#CD1076	29
3337	#EE99B8	18
3338	#EE99B8	18
3339	#EE99B8	18
3340	#EE99B8	18
3341	#CF227A	111
3342	#EE99B8	18
3343	#EE99B8	18
3344	#EE99B8	18
3345	#EE99B8	18
3346	#EE99B8	18
3347	#CD1076	29
3348	#EE99B8	18
3349	#EE99B8	18
3350	#EE99B8	18
3351	#EE99B8	18
3352	#EE99B8	18
3353	#EE99B8	18
3354	#EE99B8	18
3355	#EE99B8	18
3356	#EE99B8	18
3357	#EE99B8	18
3358	#CD1076	29
3359	#EE99B8	18
3360	#EE99B8	18
3361	#FBDAE5	33
3362	#FBDAE5	33
3363	#FBDAE5	33
3364	#FBDAE5	33
3365	#EE99B8	18
3366	#EE99B8	18
3367	#EE99B8	18
3368	#EE99B8	18
3369	#CF227A	111
3370	#EE99B8	18
3371	#EE99B8	18
3372	#EE99B8	18
3373	#FBDAE5	33
3374	#EE99B8	18
3375	#EE99B8	18
3376	#EE99B8	18
3377	#EE99B8	18
3378	#FBDAE5	33
3379	#CF227A	111
3380	#CF227A	111
3381	#CF227A	111
3382	#CF227A	111
3383	#EE99B8	18
3385	#CD1076	364
3386	#CD1076	364
3387	#D43982	398
3388	#D43982	398
3389	#D43982	398
3390	#D43982	398
3391	#D43982	398
3392	#D43982	398
3393	#D43982	398
3394	#EE99B8	18
3395	#EE99B8	18
3396	#EE99B8	18
3397	#CD1076	364
3398	#EE99B8	18
3399	#D43982	398
3400	#D43982	398
3401	#EE99B8	18
3402	#EE99B8	18
3403	#EE99B8	18
3404	#EE99B8	18
3405	#EE99B8	18
3406	#EE99B8	18
3407	#EE99B8	18
3408	#CD1076	61
3409	#EE99B8	18
3410	#EE99B8	18
3411	#EE99B8	18
3412	#EE99B8	18
3413	#EE99B8	18
3414	#EE99B8	18
3415	#EE99B8	18
3416	#EE99B8	18
3417	#EE99B8	18
3418	#FEF4F7	221
3419	#CD1076	61
3420	#EE99B8	18
3421	#EE99B8	18
3422	#FEF4F7	221
3423	#FEF4F7	221
3424	#FEF4F7	221
3425	#FEF4F7	221
3426	#FEF4F7	221
3427	#FEF4F7	221
3428	#FEF4F7	221
3429	#FEF4F7	221
3430	#CD1076	61
3431	#D43982	398
3432	#D43982	398
3433	#D43982	398
3434	#D43982	398
3436	#CD1076	364
3437	#CD1076	364
3438	#D43982	398
3439	#D43982	398
3440	#D43982	398
3441	#D43982	398
3442	#D43982	398
3443	#D43982	398
3444	#EE99B8	18
3445	#EE99B8	18
3446	#EE99B8	18
3447	#D43982	398
3448	#CD1076	61
3449	#D43982	398
3450	#EE99B8	18
3451	#D43982	398
3452	#EE99B8	18
3453	#EE99B8	18
3454	#EE99B8	18
3455	#EE99B8	18
3456	#EE99B8	18
3457	#EE99B8	18
3458	#EE99B8	18
3459	#CD1076	61
3460	#EE99B8	18
3461	#EE99B8	18
3462	#EE99B8	18
3463	#EE99B8	18
3464	#EE99B8	18
3465	#EE99B8	18
3466	#EE99B8	18
3467	#EE99B8	18
3468	#EE99B8	18
3469	#FEF4F7	221
3470	#CD1076	61
3471	#EE99B8	18
3472	#FEF4F7	221
3473	#FEF4F7	221
3474	#FEF4F7	221
3475	#FEF4F7	221
3476	#FEF4F7	221
3477	#FEF4F7	221
3478	#FEF4F7	221
3479	#FEF4F7	221
3480	#D43982	398
3481	#D43982	398
3482	#D43982	398
3483	#D43982	398
3484	#D43982	398
3486	#CD1076	261
3487	#CD1076	29
3488	#CF227A	111
3489	#EE99B8	18
3490	#EE99B8	18
3491	#EE99B8	18
3492	#CF227A	111
3493	#CF227A	111
3494	#EE99B8	18
3495	#EE99B8	18
3496	#EE99B8	18
3497	#EE99B8	18
3498	#CD1076	29
3499	#EE99B8	18
3500	#EE99B8	18
3501	#EE99B8	18
3502	#EE99B8	18
3503	#EE99B8	18
3504	#EE99B8	18
3505	#EE99B8	18
3506	#EE99B8	18
3507	#EE99B8	18
3508	#EE99B8	18
3509	#CD1076	29
3510	#EE99B8	18
3511	#EE99B8	18
3512	#FBDAE5	33
3513	#FBDAE5	33
3514	#FBDAE5	33
3515	#FBDAE5	33
3516	#EE99B8	18
3517	#EE99B8	18
3518	#EE99B8	18
3519	#EE99B8	18
3520	#CF227A	111
3521	#EE99B8	18
3522	#EE99B8	18
3523	#EE99B8	18
3524	#FBDAE5	33
3525	#EE99B8	18
3526	#EE99B8	18
3527	#EE99B8	18
3528	#EE99B8	18
3529	#FBDAE5	33
3530	#FBDAE5	33
3531	#CF227A	111
3532	#CF227A	111
3533	#CF227A	111
3534	#CF227A	111
3535	#CF227A	111
3537	#CD1076	261
3538	#CD1076	29
3539	#CF227A	111
3540	#EE99B8	18
3541	#EE99B8	18
3542	#CF227A	111
3543	#CF227A	111
3544	#EE99B8	18
3545	#EE99B8	18
3546	#EE99B8	18
3547	#EE99B8	18
3548	#EE99B8	18
3549	#CD1076	29
3550	#EE99B8	18
3551	#EE99B8	18
3552	#EE99B8	18
3553	#EE99B8	18
3554	#EE99B8	18
3555	#EE99B8	18
3556	#EE99B8	18
3557	#EE99B8	18
3558	#EE99B8	18
3559	#EE99B8	18
3560	#CF227A	111
3561	#EE99B8	18
3562	#FBDAE5	33
3563	#FBDAE5	33
3564	#FBDAE5	33
3565	#FBDAE5	33
3566	#FBDAE5	33
3567	#EE99B8	18
3568	#EE99B8	18
3569	#EE99B8	18
3570	#EE99B8	18
3571	#CF227A	111
3572	#EE99B8	18
3573	#EE99B8	18
3574	#EE99B8	18
3575	#FBDAE5	33
3576	#EE99B8	18
3577	#EE99B8	18
3578	#EE99B8	18
3579	#EE99B8	18
3580	#FBDAE5	33
3581	#CF227A	111
3582	#CF227A	111
3583	#CF227A	111
3584	#EE99B8	18
3585	#CF227A	111
3587	#CD1076	261
3588	#CD1076	29
3589	#CF227A	111
3590	#EE99B8	18
3591	#EE99B8	18
3592	#EE99B8	18
3593	#EE99B8	18
3594	#EE99B8	18
3595	#EE99B8	18
3596	#EE99B8	18
3597	#EE99B8	18
3598	#EE99B8	18
3599	#CD1076	29
3600	#EE99B8	18
3601	#EE99B8	18
3602	#EE99B8	18
3603	#EE99B8	18
3604	#EE99B8	18
3605	#EE99B8	18
3606	#EE99B8	18
3607	#EE99B8	18
3608	#EE99B8	18
3609	#EE99B8	18
3610	#CF227A	111
3611	#EE99B8	18
3612	#FCE0E9	48
3613	#FBDAE5	33
3614	#FBDAE5	33
3615	#FBDAE5	33
3616	#FBDAE5	33
3617	#EE99B8	18
3618	#EE99B8	18
3619	#EE99B8	18
3620	#EE99B8	18
3621	#CF227A	111
3622	#EE99B8	18
3623	#EE99B8	18
3624	#EE99B8	18
3625	#EE99B8	18
3626	#EE99B8	18
3627	#EE99B8	18
3628	#EE99B8	18
3629	#EE99B8	18
3630	#FBDAE5	33
3631	#FBDAE5	33
3632	#CF227A	111
3633	#CF227A	111
3634	#CF227A	111
3635	#CF227A	111
3636	#EE99B8	18
3638	#CD1076	261
3639	#CD1076	29
3640	#CF227A	111
3641	#EE99B8	18
3642	#EE99B8	18
3643	#EE99B8	18
3644	#EE99B8	18
3645	#EE99B8	18
3646	#EE99B8	18
3647	#EE99B8	18
3648	#EE99B8	18
3649	#EE99B8	18
3650	#CF227A	111
3651	#EE99B8	18
3652	#EE99B8	18
3653	#EE99B8	18
3654	#EE99B8	18
3655	#EE99B8	18
3656	#EE99B8	18
3657	#EE99B8	18
3658	#EE99B8	18
3659	#EE99B8	18
3660	#EE99B8	18
3661	#CF227A	111
3662	#FCE0E9	48
3663	#FCE0E9	48
3664	#FCE0E9	48
3665	#FCE0E9	48
3666	#FBDAE5	33
3667	#FBDAE5	33
3668	#EE99B8	18
3669	#EE99B8	18
3670	#EE99B8	18
3671	#EE99B8	18
3672	#CF227A	111
3673	#EE99B8	18
3674	#EE99B8	18
3675	#EE99B8	18
3676	#EE99B8	18
3677	#EE99B8	18
3678	#EE99B8	18
3679	#EE99B8	18
3680	#FBDAE5	33
3681	#EE99B8	18
3682	#CF227A	111
3683	#CF227A	111
3684	#CF227A	111
3685	#EE99B8	18
3686	#EE99B8	18
3688	#CD1076	261
3689	#CD1076	29
3690	#CF227A	111
3691	#CF227A	111
3692	#EE99B8	18
3693	#EE99B8	18
3694	#EE99B8	18
3695	#EE99B8	18
3696	#EE99B8	18
3697	#EE99B8	18
3698	#EE99B8	18
3699	#EE99B8	18
3700	#CF227A	111
3701	#EE99B8	18
3702	#EE99B8	18
3703	#EE99B8	18
3704	#EE99B8	18
3705	#EE99B8	18
3706	#EE99B8	18
3707	#EE99B8	18
3708	#EE99B8	18
3709	#EE99B8	18
3710	#EE99B8	18
3711	#CF227A	111
3712	#EE99B8	18
3713	#FCE0E9	48
3714	#FCE0E9	48
3715	#FCE0E9	48
3716	#FBDAE5	33
3717	#EE99B8	18
3718	#EE99B8	18
3719	#EE99B8	18
3720	#EE99B8	18
3721	#EE99B8	18
3722	#CF227A	111
3723	#EE99B8	18
3724	#EE99B8	18
3725	#EE99B8	18
3726	#EE99B8	18
3727	#EE99B8	18
3728	#EE99B8	18
3729	#EE99B8	18
3730	#FBDAE5	33
3731	#EE99B8	18
3732	#EE99B8	18
3733	#CF227A	111
3734	#CF227A	111
3735	#CF227A	111
3736	#CF227A	111
3737	#EE99B8	18
3739	#CD1076	261
3740	#CF227A	111
3741	#CF227A	111
3742	#CF227A	111
3743	#EE99B8	18
3744	#EE99B8	18
3745	#EE99B8	18
3746	#EE99B8	18
3747	#EE99B8	18
3748	#EE99B8	18
3749	#EE99B8	18
3750	#EE99B8	18
3751	#CF227A	111
3752	#EE99B8	18
3753	#EE99B8	18
3754	#EE99B8	18
3755	#EE99B8	18
3756	#EE99B8	18
3757	#EE99B8	18
3758	#EE99B8	18
3759	#EE99B8	18
3760	#EE99B8	18
3761	#EE99B8	18
3762	#CF227A	111
3763	#EE99B8	18
3764	#EE99B8	18
3765	#FCE0E9	48
3766	#FBDAE5	33
3767	#EE99B8	18
3768	#EE99B8	18
3769	#EE99B8	18
3770	#EE99B8	18
3771	#EE99B8	18
3772	#EE99B8	18
3773	#EE99B8	18
3774	#EE99B8	18
3775	#EE99B8	18
3776	#EE99B8	18
3777	#EE99B8	18
3778	#EE99B8	18
3779	#EE99B8	18
3780	#EE99B8	18
3781	#EE99B8	18
3782	#EE99B8	18
3783	#CF227A	111
3784	#EE99B8	18
3785	#EE99B8	18
3786	#EE99B8	18
3787	#CF227A	111
3789	#CD1076	261
3790	#CF227A	111
3791	#EE99B8	18
3792	#CF227A	111
3793	#CF227A	111
3794	#EE99B8	18
3795	#EE99B8	18
3796	#EE99B8	18
3797	#EE99B8	18
3798	#EE99B8	18
3799	#EE99B8	18
3800	#EE99B8	18
3801	#CF227A	111
3802	#EE99B8	18
3803	#EE99B8	18
3804	#EE99B8	18
3805	#EE99B8	18
3806	#EE99B8	18
3807	#EE99B8	18
3808	#EE99B8	18
3809	#EE99B8	18
3810	#EE99B8	18
3811	#EE99B8	18
3812	#EE99B8	18
3813	#EE99B8	18
3814	#EE99B8	18
3815	#FCE0E9	48
3816	#FCE0E9	48
3817	#FBDAE5	33
3818	#FBDAE5	33
3819	#EE99B8	18
3820	#EE99B8	18
3821	#EE99B8	18
3822	#EE99B8	18
3823	#EE99B8	18
3824	#EE99B8	18
3825	#EE99B8	18
3826	#EE99B8	18
3827	#EE99B8	18
3828	#EE99B8	18
3829	#EE99B8	18
3830	#EE99B8	18
3831	#EE99B8	18
3832	#EE99B8	18
3833	#EE99B8	18
3834	#CF227A	111
3835	#EE99B8	18
3836	#EE99B8	18
3837	#EE99B8	18
3838	#EE99B8	18
3840	#CD1076	261
3841	#CF227A	111
3842	#EE99B8	18
3843	#EE99B8	18
3844	#CF227A	111
3845	#EE99B8	18
3846	#EE99B8	18
3847	#EE99B8	18
3848	#EE99B8	18
3849	#EE99B8	18
3850	#EE99B8	18
3851	#EE99B8	18
3852	#EE99B8	18
3853	#EE99B8	18
3854	#EE99B8	18
3855	#EE99B8	18
3856	#EE99B8	18
3857	#EE99B8	18
3858	#EE99B8	18
3859	#EE99B8	18
3860	#EE99B8	18
3861	#EE99B8	18
3862	#EE99B8	18
3863	#EE99B8	18
3864	#FCE0E9	48
3865	#EE99B8	18
3866	#FCE0E9	48
3867	#FCE0E9	48
3868	#FBDAE5	33
3869	#FBDAE5	33
3870	#FBDAE5	33
3871	#EE99B8	18
3872	#EE99B8	18
3873	#EE99B8	18
3874	#EE99B8	18
3875	#EE99B8	18
3876	#EE99B8	18
3877	#EE99B8	18
3878	#EE99B8	18
3879	#EE99B8	18
3880	#EE99B8	18
3881	#EE99B8	18
3882	#EE99B8	18
3883	#EE99B8	18
3884	#EE99B8	18
3885	#EE99B8	18
3886	#EE99B8	18
3887	#EE99B8	18
3888	#EE99B8	18
3890	#CD1076	261
3891	#CF227A	111
3892	#EE99B8	18
3893	#EE99B8	18
3894	#CF227A	111
3895	#EE99B8	18
3896	#EE99B8	18
3897	#EE99B8	18
3898	#EE99B8	18
3899	#EE99B8	18
3900	#EE99B8	18
3901	#EE99B8	18
3902	#CF227A	111
3903	#EE99B8	18
3904	#EE99B8	18
3905	#EE99B8	18
3906	#EE99B8	18
3907	#EE99B8	18
3908	#EE99B8	18
3909	#EE99B8	18
3910	#EE99B8	18
3911	#EE99B8	18
3912	#EE99B8	18
3913	#EE99B8	18
3914	#EE99B8	18
3915	#FCE0E9	48
3916	#EE99B8	18
3917	#FCE0E9	48
3918	#FBDAE5	33
3919	#FCE0E9	48
3920	#FBDAE5	33
3921	#EE99B8	18
3922	#EE99B8	18
3923	#EE99B8	18
3924	#EE99B8	18
3925	#EE99B8	18
3926	#EE99B8	18
3927	#EE99B8	18
3928	#EE99B8	18
3929	#EE99B8	18
3930	#EE99B8	18
3931	#EE99B8	18
3932	#EE99B8	18
3933	#EE99B8	18
3934	#EE99B8	18
3935	#EE99B8	18
3936	#EE99B8	18
3937	#EE99B8	18
3938	#EE99B8	18
3939	#EE99B8	18
3941	#CD1076	261
3942	#CF227A	111
3943	#EE99B8	18
3944	#EE99B8	18
3945	#EE99B8	18
3946	#EE99B8	18
3947	#EE99B8	18
3948	#EE99B8	18
3949	#EE99B8	18
3950	#EE99B8	18
3951	#EE99B8	18
3952	#EE99B8	18
3953	#EE99B8	18
3954	#EE99B8	18
3955	#EE99B8	18
3956	#EE99B8	18
3957	#EE99B8	18
3958	#EE99B8	18
3959	#EE99B8	18
3960	#EE99B8	18
3961	#EE99B8	18
3962	#EE99B8	18
3963	#EE99B8	18
3964	#EE99B8	18
3965	#EE99B8	18
3966	#FCE0E9	48
3967	#FCE0E9	48
3968	#FCE0E9	48
3969	#FCE0E9	48
3970	#FBDAE5	33
3971	#EE99B8	18
3972	#EE99B8	18
3973	#EE99B8	18
3974	#EE99B8	18
3975	#EE99B8	18
3976	#EE99B8	18
3977	#EE99B8	18
3978	#EE99B8	18
3979	#EE99B8	18
3980	#EE99B8	18
3981	#EE99B8	18
3982	#EE99B8	18
3983	#EE99B8	18
3984	#EE99B8	18
3985	#EE99B8	18
3986	#EE99B8	18
3987	#EE99B8	18
3988	#EE99B8	18
3989	#EE99B8	18
4042	#CD1076	364
4043	#CD1076	364
4044	#D43982	398
4045	#D43982	398
4046	#D43982	398
4047	#D43982	398
4048	#D43982	398
4049	#D43982	398
4050	#EE99B8	18
4051	#EE99B8	18
4052	#EE99B8	18
4053	#EE99B8	18
4054	#CD1076	61
4055	#D43982	398
4056	#EE99B8	18
4057	#EE99B8	18
4058	#D43982	398
4059	#EE99B8	18
4060	#EE99B8	18
4061	#EE99B8	18
4062	#EE99B8	18
4063	#EE99B8	18
4064	#EE99B8	18
4065	#CD1076	61
4066	#EE99B8	18
4067	#EE99B8	18
4068	#EE99B8	18
4069	#EE99B8	18
4070	#EE99B8	18
4071	#EE99B8	18
4072	#EE99B8	18
4073	#EE99B8	18
4074	#EE99B8	18
4075	#FEF4F7	221
4076	#CD1076	61
4077	#FEF4F7	221
4078	#FEF4F7	221
4079	#FEF4F7	221
4080	#FEF4F7	221
4081	#FEF4F7	221
4082	#FEF4F7	221
4083	#FEF4F7	221
4084	#FEF4F7	221
4085	#FEF4F7	221
4086	#FEF4F7	221
4087	#CD1076	61
4088	#D43982	398
4089	#D43982	398
4090	#D43982	398
4091	#D43982	398
4093	#CD1076	364
4094	#CD1076	61
4095	#D43982	398
4096	#D43982	398
4097	#D43982	398
4098	#D43982	398
4099	#D43982	398
4100	#EE99B8	18
4101	#EE99B8	18
4102	#EE99B8	18
4103	#EE99B8	18
4104	#EE99B8	18
4105	#CD1076	61
4106	#EE99B8	18
4107	#EE99B8	18
4108	#EE99B8	18
4109	#EE99B8	18
4110	#EE99B8	18
4111	#EE99B8	18
4112	#EE99B8	18
4113	#EE99B8	18
4114	#EE99B8	18
4115	#EE99B8	18
4116	#CD1076	61
4117	#EE99B8	18
4118	#EE99B8	18
4119	#EE99B8	18
4120	#EE99B8	18
4121	#EE99B8	18
4122	#EE99B8	18
4123	#EE99B8	18
4124	#EE99B8	18
4125	#EE99B8	18
4126	#FEF4F7	221
4127	#CD1076	61
4128	#FEF4F7	221
4129	#FEF4F7	221
4130	#FEF4F7	221
4131	#FEF4F7	221
4132	#FEF4F7	221
4133	#FEF4F7	221
4134	#FEF4F7	221
4135	#FEF4F7	221
4136	#FEF4F7	221
4137	#D43982	398
4138	#D43982	398
4139	#CD1076	61
4140	#D43982	398
4141	#D43982	398
4143	#CD1076	364
4144	#CD1076	61
4145	#D43982	398
4146	#D43982	398
4147	#D43982	398
4148	#D43982	398
4149	#D43982	398
4150	#D43982	398
4151	#EE99B8	18
4152	#EE99B8	18
4153	#EE99B8	18
4154	#EE99B8	18
4155	#CD1076	61
4156	#EE99B8	18
4157	#EE99B8	18
4158	#EE99B8	18
4159	#EE99B8	18
4160	#EE99B8	18
4161	#EE99B8	18
4162	#EE99B8	18
4163	#EE99B8	18
4164	#EE99B8	18
4165	#EE99B8	18
4166	#CD1076	61
4167	#EE99B8	18
4168	#EE99B8	18
4169	#EE99B8	18
4170	#EE99B8	18
4171	#EE99B8	18
4172	#EE99B8	18
4173	#EE99B8	18
4174	#EE99B8	18
4175	#EE99B8	18
4176	#EE99B8	18
4177	#CD1076	61
4178	#FEF4F7	221
4179	#FEF4F7	221
4180	#FEF4F7	221
4181	#FEF4F7	221
4182	#FEF4F7	221
4183	#FEF4F7	221
4184	#FEF4F7	221
4185	#FEF4F7	221
4186	#FEF4F7	221
4187	#FEF4F7	221
4188	#CD1076	61
4189	#CD1076	61
4190	#CD1076	61
4191	#CD1076	61
4192	#D43982	398
4194	#CD1076	364
4195	#CD1076	61
4196	#D43982	398
4197	#D43982	398
4198	#D43982	398
4199	#D43982	398
4200	#D43982	398
4201	#EE99B8	18
4202	#EE99B8	18
4203	#EE99B8	18
4204	#EE99B8	18
4205	#EE99B8	18
4206	#CD1076	61
4207	#EE99B8	18
4208	#EE99B8	18
4209	#EE99B8	18
4210	#EE99B8	18
4211	#EE99B8	18
4212	#EE99B8	18
4213	#EE99B8	18
4214	#EE99B8	18
4215	#EE99B8	18
4216	#EE99B8	18
4217	#CD1076	61
4218	#EE99B8	18
4219	#EE99B8	18
4220	#EE99B8	18
4221	#EE99B8	18
4222	#EE99B8	18
4223	#EE99B8	18
4224	#EE99B8	18
4225	#EE99B8	18
4226	#EE99B8	18
4227	#EE99B8	18
4228	#CD1076	61
4229	#FEF4F7	221
4230	#FEF4F7	221
4231	#FEF4F7	221
4232	#FEF4F7	221
4233	#FEF4F7	221
4234	#FEF4F7	221
4235	#FEF4F7	221
4236	#EE99B8	18
4237	#FEF4F7	221
4238	#CD1076	61
4239	#CD1076	61
4240	#CD1076	61
4241	#D43982	398
4242	#D43982	398
4244	#CD1076	364
4245	#CD1076	394
4246	#D43982	398
4247	#D43982	398
4248	#D43982	398
4249	#D43982	398
4250	#D43982	398
4251	#D43982	398
4252	#EE99B8	18
4253	#EE99B8	18
4254	#EE99B8	18
4255	#EE99B8	18
4256	#CD1076	61
4257	#EE99B8	18
4258	#EE99B8	18
4259	#EE99B8	18
4260	#EE99B8	18
4261	#EE99B8	18
4262	#EE99B8	18
4263	#EE99B8	18
4264	#EE99B8	18
4265	#EE99B8	18
4266	#EE99B8	18
4267	#CD1076	61
4268	#EE99B8	18
4269	#EE99B8	18
4270	#EE99B8	18
4271	#EE99B8	18
4272	#EE99B8	18
4273	#EE99B8	18
4274	#EE99B8	18
4275	#EE99B8	18
4276	#EE99B8	18
4277	#EE99B8	18
4278	#CD1076	61
4279	#EE99B8	18
4280	#FEF4F7	221
4281	#FEF4F7	221
4282	#FEF4F7	221
4283	#FEF4F7	221
4284	#FEF4F7	221
4285	#FEF4F7	221
4286	#EE99B8	18
4287	#FEF4F7	221
4288	#FEF4F7	221
4289	#CD1076	61
4290	#CD1076	61
4291	#D43982	398
4292	#D43982	398
4293	#D43982	398
4295	#CD1076	364
4296	#CD1076	394
4297	#D43982	398
4298	#D43982	398
4299	#D43982	398
4300	#D43982	398
4301	#D43982	398
4302	#EE99B8	18
4303	#EE99B8	18
4304	#EE99B8	18
4305	#EE99B8	18
4306	#EE99B8	18
4307	#CD1076	61
4308	#EE99B8	18
4309	#EE99B8	18
4310	#EE99B8	18
4311	#EE99B8	18
4312	#EE99B8	18
4313	#EE99B8	18
4314	#EE99B8	18
4315	#EE99B8	18
4316	#EE99B8	18
4317	#EE99B8	18
4318	#CD1076	394
4319	#EE99B8	18
4320	#EE99B8	18
4321	#EE99B8	18
4322	#EE99B8	18
4323	#EE99B8	18
4324	#EE99B8	18
4325	#EE99B8	18
4326	#FEF4F7	221
4327	#FEF4F7	221
4328	#EE99B8	18
4329	#CD1076	61
4330	#FEF4F7	221
4331	#FEF4F7	221
4332	#FEF4F7	221
4333	#EE99B8	18
4334	#FEF4F7	221
4335	#FEF4F7	221
4336	#EE99B8	18
4337	#EE99B8	18
4338	#FEF4F7	221
4339	#CD1076	61
4340	#CD1076	61
4341	#D43982	398
4342	#D43982	398
4343	#D43982	398
4345	#CD1076	364
4346	#CD1076	364
4347	#D43982	398
4348	#D43982	398
4349	#D43982	398
4350	#D43982	398
4351	#EE99B8	18
4352	#EE99B8	18
4353	#EE99B8	18
4354	#EE99B8	18
4355	#EE99B8	18
4356	#EE99B8	18
4357	#CD1076	394
4358	#EE99B8	18
4359	#EE99B8	18
4360	#EE99B8	18
4361	#EE99B8	18
4362	#EE99B8	18
4363	#EE99B8	18
4364	#EE99B8	18
4365	#EE99B8	18
4366	#EE99B8	18
4367	#EE99B8	18
4368	#CD1076	394
4369	#EE99B8	18
4370	#EE99B8	18
4371	#EE99B8	18
4372	#EE99B8	18
4373	#EE99B8	18
4374	#EE99B8	18
4375	#EE99B8	18
4376	#EE99B8	18
4377	#FEF4F7	221
4378	#FEF4F7	221
4379	#CD1076	394
4380	#FEF4F7	221
4381	#FEF4F7	221
4382	#EE99B8	18
4383	#FEF4F7	221
4384	#EE99B8	18
4385	#FEF4F7	221
4386	#FEF4F7	221
4387	#EE99B8	18
4388	#EE99B8	18
4389	#EE99B8	18
4390	#CD1076	61
4391	#CD1076	61
4392	#CD1076	61
4393	#D43982	398
4394	#D43982	398
4396	#CD1076	364
4397	#CD1076	364
4398	#D43982	398
4399	#D43982	398
4400	#D43982	398
4401	#EE99B8	18
4402	#EE99B8	18
4403	#EE99B8	18
4404	#EE99B8	18
4405	#EE99B8	18
4406	#EE99B8	18
4407	#EE99B8	18
4408	#CD1076	394
4409	#EE99B8	18
4410	#EE99B8	18
4411	#EE99B8	18
4412	#EE99B8	18
4413	#EE99B8	18
4414	#EE99B8	18
4415	#EE99B8	18
4416	#EE99B8	18
4417	#EE99B8	18
4418	#EE99B8	18
4419	#CD1076	394
4420	#EE99B8	18
4421	#EE99B8	18
4422	#EE99B8	18
4423	#EE99B8	18
4424	#EE99B8	18
4425	#EE99B8	18
4426	#EE99B8	18
4427	#EE99B8	18
4428	#FEF4F7	221
4429	#FEF4F7	221
4430	#CD1076	61
4431	#FEF4F7	221
4432	#FEF4F7	221
4433	#EE99B8	18
4434	#EE99B8	18
4435	#EE99B8	18
4436	#EE99B8	18
4437	#EE99B8	18
4438	#EE99B8	18
4439	#EE99B8	18
4440	#CD1076	61
4441	#CD1076	61
4442	#CD1076	61
4443	#CD1076	61
4444	#CD1076	61
4446	#CD1076	364
4447	#CD1076	364
4448	#D43982	398
4449	#D43982	398
4450	#D43982	398
4451	#EE99B8	18
4452	#EE99B8	18
4453	#EE99B8	18
4454	#EE99B8	18
4455	#EE99B8	18
4456	#EE99B8	18
4457	#EE99B8	18
4458	#CD1076	394
4459	#EE99B8	18
4460	#EE99B8	18
4461	#EE99B8	18
4462	#EE99B8	18
4463	#EE99B8	18
4464	#EE99B8	18
4465	#EE99B8	18
4466	#EE99B8	18
4467	#EE99B8	18
4468	#EE99B8	18
4469	#CD1076	394
4470	#EE99B8	18
4471	#EE99B8	18
4472	#EE99B8	18
4473	#EE99B8	18
4474	#EE99B8	18
4475	#EE99B8	18
4476	#EE99B8	18
4477	#FEF4F7	221
4478	#FEF4F7	221
4479	#FEF4F7	221
4480	#CD1076	394
4481	#EE99B8	18
4482	#FEF4F7	221
4483	#FEF4F7	221
4484	#EE99B8	18
4485	#EE99B8	18
4486	#EE99B8	18
4487	#EE99B8	18
4488	#EE99B8	18
4489	#EE99B8	18
4490	#EE99B8	18
4491	#CD1076	61
4492	#CD1076	61
4493	#CD1076	61
4494	#CD1076	61
4495	#CD1076	61
4497	#CD1076	364
4498	#CD1076	364
4499	#D43982	398
4500	#D43982	398
4501	#EE99B8	18
4502	#D43982	398
4503	#D43982	398
4504	#D43982	398
4505	#D43982	398
4506	#EE99B8	18
4507	#EE99B8	18
4508	#EE99B8	18
4509	#CD1076	364
4510	#EE99B8	18
4511	#EE99B8	18
4512	#EE99B8	18
4513	#EE99B8	18
4514	#EE99B8	18
4515	#EE99B8	18
4516	#EE99B8	18
4517	#EE99B8	18
4518	#EE99B8	18
4519	#EE99B8	18
4520	#CD1076	394
4521	#EE99B8	18
4522	#EE99B8	18
4523	#EE99B8	18
4524	#EE99B8	18
4525	#EE99B8	18
4526	#EE99B8	18
4527	#EE99B8	18
4528	#FEF4F7	221
4529	#FEF4F7	221
4530	#EE99B8	18
4531	#CD1076	61
4532	#EE99B8	18
4533	#FEF4F7	221
4534	#EE99B8	18
4535	#EE99B8	18
4536	#EE99B8	18
4537	#EE99B8	18
4538	#EE99B8	18
4539	#EE99B8	18
4540	#EE99B8	18
4541	#CD1076	61
4542	#CD1076	61
4543	#CD1076	61
4544	#CD1076	61
4545	#D43982	398
4547	#CD1076	364
4548	#CD1076	61
4549	#D43982	398
4550	#D43982	398
4551	#EE99B8	18
4552	#EE99B8	18
4553	#EE99B8	18
4554	#EE99B8	18
4555	#EE99B8	18
4556	#EE99B8	18
4557	#D43982	398
4558	#EE99B8	18
4559	#CD1076	61
4560	#EE99B8	18
4561	#D43982	398
4562	#D43982	398
4563	#EE99B8	18
4564	#EE99B8	18
4565	#EE99B8	18
4566	#EE99B8	18
4567	#EE99B8	18
4568	#EE99B8	18
4569	#EE99B8	18
4570	#CD1076	61
4571	#EE99B8	18
4572	#EE99B8	18
4573	#EE99B8	18
4574	#EE99B8	18
4575	#EE99B8	18
4576	#EE99B8	18
4577	#EE99B8	18
4578	#EE99B8	18
4579	#EE99B8	18
4580	#EE99B8	18
4581	#CD1076	61
4582	#EE99B8	18
4583	#EE99B8	18
4584	#EE99B8	18
4585	#EE99B8	18
4586	#EE99B8	18
4587	#EE99B8	18
4588	#FEF4F7	221
4589	#FEF4F7	221
4590	#FEF4F7	221
4591	#FEF4F7	221
4592	#CD1076	61
4593	#D43982	398
4594	#D43982	398
4595	#D43982	398
4596	#D43982	398
4598	#CD1076	364
4599	#CD1076	61
4600	#D43982	398
4601	#D43982	398
4602	#EE99B8	18
4603	#EE99B8	18
4604	#EE99B8	18
4605	#EE99B8	18
4606	#EE99B8	18
4607	#D43982	398
4608	#EE99B8	18
4609	#EE99B8	18
4610	#CD1076	61
4611	#EE99B8	18
4612	#EE99B8	18
4613	#D43982	398
4614	#EE99B8	18
4615	#EE99B8	18
4616	#EE99B8	18
4617	#EE99B8	18
4618	#EE99B8	18
4619	#EE99B8	18
4620	#EE99B8	18
4621	#CD1076	61
4622	#EE99B8	18
4623	#EE99B8	18
4624	#EE99B8	18
4625	#EE99B8	18
4626	#EE99B8	18
4627	#EE99B8	18
4628	#EE99B8	18
4629	#EE99B8	18
4630	#EE99B8	18
4631	#EE99B8	18
4632	#D43982	398
4633	#EE99B8	18
4634	#EE99B8	18
4635	#EE99B8	18
4636	#EE99B8	18
4637	#EE99B8	18
4638	#FEF4F7	221
4639	#EE99B8	18
4640	#FEF4F7	221
4641	#FEF4F7	221
4642	#D43982	398
4643	#D43982	398
4644	#D43982	398
4645	#D43982	398
4646	#D43982	398
4648	#CD1076	364
4649	#CD1076	364
4650	#D43982	398
4651	#D43982	398
4652	#EE99B8	18
4653	#EE99B8	18
4654	#EE99B8	18
4655	#EE99B8	18
4656	#EE99B8	18
4657	#EE99B8	18
4658	#EE99B8	18
4659	#EE99B8	18
4660	#CD1076	61
4661	#EE99B8	18
4662	#EE99B8	18
4663	#D43982	398
4664	#EE99B8	18
4665	#EE99B8	18
4666	#EE99B8	18
4667	#EE99B8	18
4668	#EE99B8	18
4669	#EE99B8	18
4670	#EE99B8	18
4671	#CD1076	61
4672	#EE99B8	18
4673	#EE99B8	18
4674	#EE99B8	18
4675	#EE99B8	18
4676	#EE99B8	18
4677	#EE99B8	18
4678	#EE99B8	18
4679	#EE99B8	18
4680	#EE99B8	18
4681	#EE99B8	18
4682	#D43982	398
4683	#EE99B8	18
4684	#EE99B8	18
4685	#EE99B8	18
4686	#EE99B8	18
4687	#EE99B8	18
4688	#EE99B8	18
4689	#EE99B8	18
4690	#EE99B8	18
4691	#FEF4F7	221
4692	#FEF4F7	221
4693	#D43982	398
4694	#D43982	398
4695	#D43982	398
4696	#D43982	398
4697	#D43982	398
4699	#CD1076	364
4700	#CD1076	61
4701	#D43982	398
4702	#D43982	398
4703	#D43982	398
4704	#EE99B8	18
4705	#EE99B8	18
4706	#EE99B8	18
4707	#EE99B8	18
4708	#EE99B8	18
4709	#EE99B8	18
4710	#EE99B8	18
4711	#CD1076	61
4712	#EE99B8	18
4713	#EE99B8	18
4714	#EE99B8	18
4715	#EE99B8	18
4716	#EE99B8	18
4717	#EE99B8	18
4718	#EE99B8	18
4719	#EE99B8	18
4720	#EE99B8	18
4721	#EE99B8	18
4722	#D43982	398
4723	#EE99B8	18
4724	#EE99B8	18
4725	#EE99B8	18
4726	#EE99B8	18
4727	#EE99B8	18
4728	#EE99B8	18
4729	#EE99B8	18
4730	#EE99B8	18
4731	#EE99B8	18
4732	#EE99B8	18
4733	#D43982	398
4734	#EE99B8	18
4735	#EE99B8	18
4736	#EE99B8	18
4737	#EE99B8	18
4738	#EE99B8	18
4739	#EE99B8	18
4740	#FEF4F7	221
4741	#FEF4F7	221
4742	#FEF4F7	221
4743	#D43982	398
4744	#D43982	398
4745	#D43982	398
4746	#D43982	398
4747	#D43982	398
4749	#CD1076	364
4750	#CD1076	61
4751	#D43982	398
4752	#D43982	398
4753	#D43982	398
4754	#D43982	398
4755	#EE99B8	18
4756	#EE99B8	18
4757	#EE99B8	18
4758	#EE99B8	18
4759	#EE99B8	18
4760	#EE99B8	18
4761	#CD1076	61
4762	#EE99B8	18
4763	#EE99B8	18
4764	#EE99B8	18
4765	#EE99B8	18
4766	#EE99B8	18
4767	#EE99B8	18
4768	#EE99B8	18
4769	#EE99B8	18
4770	#EE99B8	18
4771	#EE99B8	18
4772	#D43982	398
4773	#EE99B8	18
4774	#EE99B8	18
4775	#EE99B8	18
4776	#EE99B8	18
4777	#EE99B8	18
4778	#EE99B8	18
4779	#EE99B8	18
4780	#EE99B8	18
4781	#EE99B8	18
4782	#EE99B8	18
4783	#D43982	398
4784	#EE99B8	18
4785	#EE99B8	18
4786	#EE99B8	18
4787	#EE99B8	18
4788	#EE99B8	18
4789	#EE99B8	18
4790	#FEF4F7	221
4791	#FEF4F7	221
4792	#FEF4F7	221
4793	#FEF4F7	221
4794	#D43982	398
4795	#D43982	398
4796	#D43982	398
4797	#D43982	398
4798	#D43982	398
4800	#CD1076	364
4801	#CD1076	61
4802	#D43982	398
4803	#D43982	398
4804	#D43982	398
4805	#EE99B8	18
4806	#EE99B8	18
4807	#EE99B8	18
4808	#EE99B8	18
4809	#EE99B8	18
4810	#EE99B8	18
4811	#EE99B8	18
4812	#CD1076	61
4813	#EE99B8	18
4814	#EE99B8	18
4815	#EE99B8	18
4816	#EE99B8	18
4817	#EE99B8	18
4818	#EE99B8	18
4819	#EE99B8	18
4820	#EE99B8	18
4821	#EE99B8	18
4822	#EE99B8	18
4823	#D43982	398
4824	#EE99B8	18
4825	#EE99B8	18
4826	#EE99B8	18
4827	#EE99B8	18
4828	#EE99B8	18
4829	#EE99B8	18
4830	#EE99B8	18
4831	#EE99B8	18
4832	#EE99B8	18
4833	#EE99B8	18
4834	#D43982	398
4835	#EE99B8	18
4836	#EE99B8	18
4837	#FEF4F7	221
4838	#EE99B8	18
4839	#EE99B8	18
4840	#FEF4F7	221
4841	#FEF4F7	221
4842	#FEF4F7	221
4843	#FEF4F7	221
4844	#D43982	398
4845	#D43982	398
4846	#D43982	398
4847	#D43982	398
4848	#D43982	398
4850	#CD1076	364
4851	#CD1076	364
4852	#D43982	398
4853	#EE99B8	18
4854	#D43982	398
4855	#EE99B8	18
4856	#EE99B8	18
4857	#EE99B8	18
4858	#EE99B8	18
4859	#EE99B8	18
4860	#EE99B8	18
4861	#EE99B8	18
4862	#CD1076	61
4863	#EE99B8	18
4864	#EE99B8	18
4865	#EE99B8	18
4866	#EE99B8	18
4867	#EE99B8	18
4868	#EE99B8	18
4869	#EE99B8	18
4870	#EE99B8	18
4871	#EE99B8	18
4872	#EE99B8	18
4873	#CD1076	61
4874	#EE99B8	18
4875	#EE99B8	18
4876	#EE99B8	18
4877	#EE99B8	18
4878	#EE99B8	18
4879	#EE99B8	18
4880	#EE99B8	18
4881	#EE99B8	18
4882	#EE99B8	18
4883	#EE99B8	18
4884	#D43982	398
4885	#EE99B8	18
4886	#EE99B8	18
4887	#EE99B8	18
4888	#FEF4F7	221
4889	#EE99B8	18
4890	#FEF4F7	221
4891	#FEF4F7	221
4892	#FEF4F7	221
4893	#FFFFFF	64
4894	#FFFFFF	64
4895	#D43982	398
4896	#D43982	398
4897	#D43982	398
4898	#D43982	398
4899	#D43982	398
4901	#CD1076	364
4902	#CD1076	61
4903	#D43982	398
4904	#EE99B8	18
4905	#D43982	398
4906	#EE99B8	18
4907	#EE99B8	18
4908	#EE99B8	18
4909	#EE99B8	18
4910	#EE99B8	18
4911	#EE99B8	18
4912	#EE99B8	18
4913	#D43982	398
4914	#EE99B8	18
4915	#EE99B8	18
4916	#EE99B8	18
4917	#EE99B8	18
4918	#EE99B8	18
4919	#EE99B8	18
4920	#EE99B8	18
4921	#EE99B8	18
4922	#EE99B8	18
4923	#EE99B8	18
4924	#CD1076	61
4925	#EE99B8	18
4926	#EE99B8	18
4927	#EE99B8	18
4928	#EE99B8	18
4929	#EE99B8	18
4930	#EE99B8	18
4931	#EE99B8	18
4932	#EE99B8	18
4933	#EE99B8	18
4934	#EE99B8	18
4935	#D43982	398
4936	#EE99B8	18
4937	#EE99B8	18
4938	#FEF4F7	221
4939	#EE99B8	18
4940	#EE99B8	18
4941	#EE99B8	18
4942	#FEF4F7	221
4943	#FEF4F7	221
4944	#FFFFFF	64
4945	#D43982	398
4946	#D43982	398
4947	#D43982	398
4948	#D43982	398
4949	#D43982	398
4951	#CD1076	364
4952	#CD1076	61
4953	#D43982	398
4954	#D43982	398
4955	#EE99B8	18
4956	#EE99B8	18
4957	#EE99B8	18
4958	#EE99B8	18
4959	#EE99B8	18
4960	#EE99B8	18
4961	#EE99B8	18
4962	#EE99B8	18
4963	#CD1076	61
4964	#EE99B8	18
4965	#EE99B8	18
4966	#EE99B8	18
4967	#EE99B8	18
4968	#EE99B8	18
4969	#EE99B8	18
4970	#EE99B8	18
4971	#EE99B8	18
4972	#EE99B8	18
4973	#EE99B8	18
4974	#D43982	398
4975	#EE99B8	18
4976	#EE99B8	18
4977	#EE99B8	18
4978	#EE99B8	18
4979	#EE99B8	18
4980	#EE99B8	18
4981	#EE99B8	18
4982	#EE99B8	18
4983	#EE99B8	18
4984	#EE99B8	18
4985	#CD1076	61
4986	#EE99B8	18
4987	#EE99B8	18
4988	#EE99B8	18
4989	#FEF4F7	221
4990	#EE99B8	18
4991	#EE99B8	18
4992	#FEF4F7	221
4993	#FEF4F7	221
4994	#FFFFFF	64
4995	#FFFFFF	12
4996	#D43982	398
4997	#D43982	398
4998	#D43982	398
4999	#D43982	398
5000	#D43982	398
5002	#CD1076	61
5003	#CD1076	61
5004	#D43982	398
5005	#EE99B8	18
5006	#EE99B8	18
5007	#EE99B8	18
5008	#EE99B8	18
5009	#EE99B8	18
5010	#EE99B8	18
5011	#EE99B8	18
5012	#EE99B8	18
5013	#EE99B8	18
5014	#D43982	398
5015	#EE99B8	18
5016	#EE99B8	18
5017	#EE99B8	18
5018	#EE99B8	18
5019	#EE99B8	18
5020	#EE99B8	18
5021	#EE99B8	18
5022	#EE99B8	18
5023	#EE99B8	18
5024	#EE99B8	18
5025	#D43982	398
5026	#EE99B8	18
5027	#EE99B8	18
5028	#EE99B8	18
5029	#EE99B8	18
5030	#EE99B8	18
5031	#EE99B8	18
5032	#EE99B8	18
5033	#EE99B8	18
5034	#EE99B8	18
5035	#EE99B8	18
5036	#CD1076	61
5037	#EE99B8	18
5038	#EE99B8	18
5039	#FEF4F7	221
5040	#FEF4F7	221
5041	#EE99B8	18
5042	#EE99B8	18
5043	#FEF4F7	221
5044	#FFFFFF	64
5045	#FFFFFF	12
5046	#D43982	398
5047	#D43982	398
5048	#D43982	398
5049	#D43982	398
5050	#D43982	398
