x	y	clickSelects
-0.03985832789973	1.38922044887551	154
-0.0347227031900399	1.0041963787789	154
0.011970492060918	-1.07595882176143	154
-0.03235537043546	1.23858433507493	83
-0.0405602165040999	1.97926996329178	83
-0.09487519742442	1.53114254730555	83
-0.00701770313215011	-1.19681446202432	83
-0.02360201613288	1.04722299629846	83
-0.0999697056579001	-1.94687103379241	83
-0.11589230414951	-2.43689021654566	128
-0.11570993312224	-1.1113167618543	128
-0.0434799073471801	2.07816005283493	93
-0.01734853590731	-1.45673421868099	93
-0.0257207666178401	0.131331544998005	261
-0.0800394802709099	0.92811616575699	261
-0.01751907517761	-0.378795659698156	261
-0.0402745647259599	0.571549978988827	261
-0.0222638469249501	-2.05301791115605	29
-0.01922005722291	-1.27250567166124	338
-0.0305708491182299	0.444312081865263	29
-0.03376667443943	-0.929383654623066	114
-0.0257336015525	2.25647588954281	114
-0.03190107299722	2.10449104150224	114
-0.0348588112099799	-1.5971278318268	114
-0.0179316959821101	-2.07662439371097	364
-0.03037919087722	2.2382194743745	364
-0.0372217587317201	1.89344010614533	364
-0.0150273701272201	-2.10670994487722	364
-0.0556299016100199	1.23618418359735	364
-0.0576908969007699	1.86491616422475	364
-0.0333164090967	-0.733001171232701	364
-0.0412978925326799	1.7450856646679	364
-0.01037577233722	0.509767583260853	364
-0.0561211206610599	-1.35716264748164	364
-0.0000383377950499142	-1.1083456473883	364
-0.0154703782660901	-1.84042857474539	306
-0.0840187454642001	2.35317641373295	306
-0.0344534462259301	1.7035547855384	306
-0.01744206925154	0.634644046848052	306
-0.04044441703005	1.89972211045686	306
-0.0541965525785699	2.38155821791463	328
-0.039847222141	1.75732787642134	328
-0.0273719208684	-0.0418465399216927	328
-0.0296465185383501	-0.184088423447335	328
-0.02370577983522	1.32042336867639	328
-0.0313855471907301	2.47475755545972	266
-0.00768833461306007	-0.517064317771528	266
-0.0247619841087301	1.13403146860607	264
-0.07613848174606	0.482088646361888	264
-0.03545873750379	1.43541823197567	352
0.00506704251836598	-0.845086970099317	352
-0.0210275734405001	-0.336969750438115	352
-0.0443821783918099	1.69561931425241	352
-0.00407859829574009	1.56498725258025	352
-0.0061162361537499	-1.43868371657499	352
